Age,Gender,Highest Education Level,Preferred Subjects in Highschool/College,Academic Performance (CGPA/Percentage),Participation in Extracurricular Activities,Previous Work Experience (If Any),Preferred Work Environment,Risk-Taking Ability,Leadership Experience,Networking & Social Skills,Financial Stability - self/family (1 is low income and 10 is high income),Motivation for Career Choice,Favorite Color,Daily Water Intake (in Litres),Birth Month,Preferred Music Genre,Number of Siblings,What would you like to become when you grow up,Tech_Level,Predicted Career Goal,Correct
22,Male,Under Graduate,Science,8.7,Culturals,Internship,Startup,2.0,Student Council Member,Attended Corporate events,6,Social Impact,Black,5.0,September,Classical,6.0,Government Officer,High,Entrepreneur,False
20,Male,Under Graduate,Science,8.9,Sports,None,Research,2.0,None,Average,5,Passion,Blue,3.0,March,Classical,0.0,nan,High,Research/Scientist,False
18,Female,Under Graduate,Science,78.0,Sports,Part Time,Corporate Job,2.0,Student Council Member,Attended Buisness meets,5,Money,Blue,4.0,May,Rock,2.0,Government Officer,High,Corporate Employee,False
18,Female,High School,Science,70.0,Culturals,None,Startup,2.0,Event Management,Attended Conferences,4,Passion,Blue,5.786377952755905,June,Rap,0.0,Government Officer,High,Freelancer,False
19,Female,Under Graduate,Science,0.85,None,None,Research,2.0,None,Average,7,Money,Blue,5.786377952755905,March,Rock,1.0,Entrepreneur,Low,Research/Scientist,False
19,Female,High School,Science,87.5,None,None,Corporate Job,2.0,None,Average,4,Money,Blue,1.5,August,Classical,1.0,nan,Low,Corporate Employee,False
18,Female,High School,Science,90.14,Culturals,None,Research,2.0,Student Council Member,Average,5,Freedom,Purple,1.5,June,Pop,1.0,Entrepreneur,Low,Research/Scientist,False
19,Female,Under Graduate,Science,0.81,None,Part Time,Corporate Job,2.0,Event Management,Average,7,Work-life Balance,Red,5.786377952755905,April,Classical,0.0,Corporate Employee,High,Entrepreneur,False
19,Male,Under Graduate,Science,86.0,Sports,Part Time,Startup,2.0,Event Management,Average,8,Money,Black,2.5,March,Rap,1.0,Government Officer,Low,Entrepreneur,False
18,Female,Under Graduate,Science,77.0,Culturals,None,Freelance,2.0,None,Average,10,Freedom,Black,4.0,June,Rap,1.0,nan,Low,Freelancer,False
18,Male,Under Graduate,Science,6.9,None,None,Startup,2.0,None,Average,6,Money,Blue,5.786377952755905,August,Pop,1.0,nan,Low,Freelancer,False
18,Female,Under Graduate,Commerce,0.9,Sports,None,Research,2.0,Event Management,Attended Buisness meets,7,Money,White,1.0,June,Classical,1.0,Government Officer,Low,Research/Scientist,False
18,Female,Under Graduate,Science,86.0,Sports,None,Startup,2.0,None,Average,3,Freedom,Blue,3.0,March,Rock,1.0,Government Officer,Low,Entrepreneur,False
18,Male,Under Graduate,Science,8.5,Sports,None,Research,2.0,None,Attended Conferences,4,Freedom,Red,5.786377952755905,August,Classical,2.0,nan,High,Research/Scientist,False
19,Male,Under Graduate,Science,8.0,None,None,Corporate Job,2.0,None,Average,5,Money,Black,3.0,October,Classical,1.0,nan,Low,Corporate Employee,False
19,Male,Under Graduate,Science,78.0,None,None,Corporate Job,2.0,None,Average,3,Money,Red,5.786377952755905,February,Rock,1.0,nan,Low,Corporate Employee,False
19,Female,Under Graduate,Science,70.0,None,None,Corporate Job,2.0,None,Average,5,Money,Black,3.0,June,Rock,0.0,Entrepreneur,Low,Corporate Employee,False
18,Female,Under Graduate,Science,75.0,Sports,None,Corporate Job,2.0,None,Average,5,Money,Green,5.786377952755905,September,Rock,1.0,Corporate Employee,Low,Entrepreneur,False
19,Female,Under Graduate,Science,75.0,Sports,None,Corporate Job,2.0,Student Council Member,Average,8,Passion,Black,2.0,December,Rock,1.0,Corporate Employee,Low,Corporate Employee,True
21,Male,Under Graduate,Science,6.69,Sports,None,Freelance,2.0,Event Management,Average,4,Work-life Balance,Blue,3.3,August,Classical,1.0,Freelancer,High,Freelancer,True
20,Male,Under Graduate,Commerce,70.0,Sports,None,Startup,2.0,None,Attended Conferences,10,Money,Blue,5.0,December,Rap,2.0,Entrepreneur,Low,Entrepreneur,True
20,Female,Under Graduate,Science,0.0,None,None,Startup,2.0,None,Average,3,Money,Pink,5.786377952755905,February,Rock,0.0,Corporate Employee,Low,Freelancer,False
19,Female,Under Graduate,Science,90.0,Culturals,None,Corporate Job,2.0,Student Council Member,Attended Conferences,6,Passion,Purple,2.0,December,Pop,1.0,Corporate Employee,Low,Corporate Employee,True
19,Female,Under Graduate,Science,82.0,None,None,Corporate Job,2.0,None,Attended Conferences,4,Money,Black,5.786377952755905,November,Pop,1.0,Government Officer,Low,Corporate Employee,False
19,Male,Under Graduate,Commerce,93.0,Sports,None,Corporate Job,2.0,None,Average,6,Money,Black,3.0,December,Pop,1.0,Entrepreneur,High,Entrepreneur,True
18,Male,Under Graduate,Commerce,75.0,Sports,None,Corporate Job,2.0,None,Average,6,Social Impact,White,5.0,December,Classical,1.0,Entrepreneur,High,Entrepreneur,True
19,Female,Under Graduate,Science,8.0,Sports,None,Research,2.0,Student Council Member,Average,6,Work-life Balance,Purple,7.0,February,Classical,2.0,Corporate Employee,Low,Research/Scientist,False
18,Female,Under Graduate,Science,82.166,None,None,Corporate Job,2.0,None,Attended Corporate events,5,Money,Black,5.786377952755905,December,Classical,1.0,Corporate Employee,Low,Corporate Employee,True
19,Female,Under Graduate,Science,88.0,Sports,None,Corporate Job,2.0,None,Average,5,Money,Yellow,2.0,December,Classical,1.0,Corporate Employee,Low,Corporate Employee,True
19,Male,Under Graduate,Science,60.0,None,None,Startup,2.0,None,Average,4,Freedom,Black,2.5,May,Classical,1.0,Entrepreneur,Low,Freelancer,False
20,Male,Under Graduate,Commerce,70.0,Sports,Internship,Research,2.0,None,Average,5,Money,Pink,5.0,September,Rap,2.0,nan,High,Research/Scientist,False
18,Male,High School,Commerce,0.8,Sports,None,Startup,2.0,Event Management,Average,8,Money,Blue,4.0,December,Pop,1.0,Entrepreneur,High,Entrepreneur,True
20,Male,High School,Science,0.75,Debate,None,Freelance,2.0,None,Average,6,Passion,Red,3.5,November,Rap,0.0,Freelancer,Low,Freelancer,True
19,Male,Under Graduate,Commerce,76.66,Culturals,None,Corporate Job,2.0,Student Council Member,Attended Corporate events,4,Money,Black,5.786377952755905,November,Rock,1.0,Government Officer,Low,Corporate Employee,False
18,Male,Under Graduate,Science,75.0,None,None,Startup,2.0,Student Council Member,Attended Conferences,6,Passion,Blue,3.0,June,Classical,2.0,Corporate Employee,Low,Freelancer,False
19,Female,Under Graduate,Commerce,69.0,Culturals,None,Corporate Job,2.0,None,Average,7,Passion,Black,2.0,October,Classical,1.0,Corporate Employee,Low,Corporate Employee,True
20,Female,Under Graduate,Science,86.0,Culturals,None,Corporate Job,2.0,Event Management,Attended Corporate events,3,Freedom,Blue,5.786377952755905,September,Classical,0.0,Government Officer,Low,Corporate Employee,False
18,Female,Under Graduate,Science,0.86,None,None,Startup,2.0,None,Attended Conferences,6,Passion,Black,5.786377952755905,December,Pop,2.0,Corporate Employee,High,Corporate Employee,True
19,Female,Under Graduate,Science,74.0,Sports,None,Research,2.0,Event Management,Average,2,Freedom,Pink,5.786377952755905,October,Rock,2.0,Government Officer,High,Research/Scientist,False
18,Female,Under Graduate,Science,7.0,Sports,None,Startup,2.0,None,Attended Buisness meets,9,Money,Black,1.0,September,Pop,3.0,Government Officer,Low,Freelancer,False
19,Female,Under Graduate,Science,7.9,Sports,None,Startup,2.0,Student Council Member,Average,9,Work-life Balance,Black,4.0,March,Rap,1.0,Government Officer,Low,Freelancer,False
20,Male,Under Graduate,Science,63.0,Sports,None,Freelance,2.0,None,Average,1,Passion,Black,4.0,May,Classical,3.0,Corporate Employee,Low,Freelancer,False
17,Male,Under Graduate,Science,10.0,Culturals,None,Freelance,2.0,None,Average,2,Money,Black,5.0,April,Rock,1.0,Corporate Employee,Low,Freelancer,False
20,Female,Under Graduate,Science,9.1,None,None,Corporate Job,2.0,None,Average,5,Work-life Balance,Black,5.786377952755905,June,Pop,1.0,Corporate Employee,Low,Corporate Employee,True
21,Female,Under Graduate,Commerce,91.0,Culturals,Internship,Corporate Job,2.0,Event Management,Attended Conferences,7,Freedom,Black,5.786377952755905,March,Classical,0.0,Corporate Employee,Low,Corporate Employee,True
21,Female,Under Graduate,Science,9.3,Sports,Internship,Corporate Job,2.0,Student Council Member,Attended Corporate events,7,Money,Black,5.0,January,Pop,1.0,Corporate Employee,Low,Corporate Employee,True
21,Female,Under Graduate,Science,9.2,Sports,None,Corporate Job,2.0,None,Average,8,Work-life Balance,Black,5.786377952755905,March,Rap,1.0,Government Officer,Low,Corporate Employee,False
21,Female,Under Graduate,Commerce,9.0,Sports,None,Corporate Job,2.0,None,Average,8,Money,Black,3.0,February,Pop,0.0,Entrepreneur,Low,Corporate Employee,False
20,Male,Under Graduate,Commerce,8.0,Sports,None,Startup,2.0,Event Management,Attended Corporate events,7,Money,Blue,5.786377952755905,April,Classical,1.0,Entrepreneur,Low,Entrepreneur,True
21,Male,Under Graduate,Science,8.5,Sports,Internship,Corporate Job,2.0,Student Council Member,Attended Conferences,9,Social Impact,White,6.0,September,Rock,4.0,Government Officer,Low,Corporate Employee,False
20,Female,Under Graduate,Science,8.2,None,Internship,Corporate Job,2.0,None,Attended Corporate events,7,Freedom,Black,8.0,December,Classical,1.0,Corporate Employee,High,Corporate Employee,True
21,Male,Under Graduate,Commerce,8.0,Sports,Internship,Startup,2.0,None,Attended Conferences,5,Money,Black,5.0,February,Rap,2.0,Corporate Employee,Low,Entrepreneur,False
22,Male,Under Graduate,Commerce,50.0,Sports,Part Time,Startup,2.0,None,Attended Buisness meets,3,Money,Orange,4.0,April,Classical,1.0,nan,Low,Entrepreneur,False
21,Female,Under Graduate,Commerce,6.0,Culturals,Internship,Corporate Job,2.0,None,Average,4,Work-life Balance,Black,5.786377952755905,February,Classical,1.0,Research/Scientist,Low,Corporate Employee,False
20,Male,Under Graduate,Commerce,7.5,Sports,Part Time,Corporate Job,2.0,Student Council Member,Attended Conferences,8,Work-life Balance,Red,5.0,May,Rap,4.0,Entrepreneur,Low,Entrepreneur,True
21,Female,Under Graduate,Science,8.0,Sports,Internship,Corporate Job,2.0,None,Attended Corporate events,1,Work-life Balance,Blue,5.786377952755905,October,Classical,1.0,Government Officer,Low,Corporate Employee,False
21,Male,Under Graduate,Commerce,7.0,None,None,Startup,2.0,None,Attended Corporate events,10,Money,Black,5.0,June,Rap,0.0,Entrepreneur,High,Entrepreneur,True
21,Male,Under Graduate,Mixed,8.3,Sports,Part Time,Freelance,2.0,Student Council Member,Average,1,Money,Black,4.0,April,Classical,1.0,Government Officer,Low,Freelancer,False
20,Female,Under Graduate,Science,9.68,None,None,Startup,2.0,None,Average,7,Money,Black,3.0,November,Classical,2.0,Corporate Employee,High,Freelancer,False
21,Male,Under Graduate,Science,8.0,None,Internship,Freelance,2.0,None,Average,6,Money,Black,5.786377952755905,January,Classical,1.0,nan,Low,Freelancer,False
21,Female,Under Graduate,Commerce,7.8,None,None,Startup,2.0,None,Average,6,Money,Green,2.0,June,Classical,2.0,nan,Low,Entrepreneur,False
20,Male,Under Graduate,Science,7.84,Culturals,None,Startup,2.0,None,Average,3,Money,Red,5.786377952755905,December,Rock,0.0,Entrepreneur,Low,Entrepreneur,True
20,Female,Under Graduate,Commerce,80.0,Sports,Internship,Research,2.0,None,Average,8,Money,Black,3.0,July,Pop,1.0,Government Officer,High,Research/Scientist,False
21,Male,Under Graduate,Commerce,7.8,Culturals,Part Time,Startup,2.0,None,Average,8,Passion,Black,5.786377952755905,October,Rock,1.0,nan,Low,Entrepreneur,False
21,Male,Under Graduate,Mixed,9.5,Sports,Full time,Startup,2.0,Student Council Member,Attended Corporate events,2,Work-life Balance,White,5.0,July,Pop,1.0,Corporate Employee,High,Entrepreneur,False
20,Male,Under Graduate,Science,7.6,Culturals,Internship,Startup,2.0,Event Management,Attended Corporate events,5,Passion,White,6.0,December,Rock,1.0,Entrepreneur,Low,Entrepreneur,True
21,Male,Under Graduate,Commerce,8.9,Sports,None,Corporate Job,2.0,Student Council Member,Attended Corporate events,8,Passion,Blue,2.0,October,Classical,1.0,Corporate Employee,Low,Corporate Employee,True
20,Male,Under Graduate,Commerce,7.5,None,Part Time,Corporate Job,2.0,None,Average,5,Passion,Red,5.786377952755905,November,Rock,1.0,Entrepreneur,Low,Entrepreneur,True
21,Male,Under Graduate,Science,8.85,Sports,Internship,Corporate Job,2.0,Student Council Member,Average,7,Money,White,4.0,March,Pop,0.0,nan,Low,Corporate Employee,False
20,Male,Under Graduate,Science,0.7,Sports,Internship,Startup,2.0,None,Average,4,Money,Black,10.0,June,Classical,2.0,Government Officer,Low,Entrepreneur,False
21,Male,Under Graduate,Commerce,8.5,None,Internship,Startup,2.0,Event Management,Attended Buisness meets,3,Passion,Red,4.0,November,Classical,0.0,Entrepreneur,Low,Entrepreneur,True
21,Female,Under Graduate,Commerce,9.3,Culturals,Internship,Corporate Job,2.0,Event Management,Average,7,Money,Blue,4.0,November,Rock,1.0,Corporate Employee,Low,Corporate Employee,True
21,Male,Under Graduate,Science,8.3,None,Part Time,Freelance,2.0,None,Average,6,Money,Black,4.0,March,Rock,3.0,nan,Low,Freelancer,False
21,Female,Under Graduate,Mixed,7.96,Culturals,None,Research,2.0,Student Council Member,Attended Conferences,5,Work-life Balance,White,5.786377952755905,March,Classical,1.0,Government Officer,Low,Research/Scientist,False
20,Female,Under Graduate,Commerce,9.3,Culturals,Internship,Startup,2.0,Student Council Member,Attended Corporate events,10,Social Impact,Purple,5.786377952755905,July,Rap,2.0,Government Officer,Low,Entrepreneur,False
20,Male,Under Graduate,Commerce,35.587009698275864,Sports,None,Startup,2.0,None,Attended Conferences,7,Money,White,5.786377952755905,January,Classical,7.0,Government Officer,Low,Entrepreneur,False
23,Female,Post Graduate,Science,8.86,Culturals,None,Corporate Job,2.0,Student Council Member,Average,7,Work-life Balance,Purple,5.786377952755905,April,Rock,3.0,Corporate Employee,Low,Corporate Employee,True
20,Female,Under Graduate,Mixed,9.2,Debate,Internship,Corporate Job,2.0,Event Management,Attended Corporate events,7,Passion,Orange,5.786377952755905,November,Pop,0.0,Corporate Employee,Low,Corporate Employee,True
20,Female,Under Graduate,Commerce,8.0,Culturals,None,Freelance,2.0,None,Attended Corporate events,5,Freedom,Black,8.14,December,Pop,1.0,Freelancer,Low,Freelancer,True
20,Female,Under Graduate,Science,7.0,None,Internship,Startup,2.0,None,Attended Conferences,10,Money,Blue,4.0,August,Classical,2.0,nan,Low,Entrepreneur,False
20,Male,Under Graduate,Commerce,8.6,Sports,Internship,Startup,2.0,Student Council Member,Attended Corporate events,7,Social Impact,Red,5.786377952755905,August,Rock,1.0,Entrepreneur,Low,Entrepreneur,True
20,Female,Under Graduate,Commerce,7.88,Sports,Internship,Corporate Job,2.0,None,Attended Conferences,7,Passion,Blue,3.0,December,Classical,1.0,Corporate Employee,Low,Corporate Employee,True
20,Male,Under Graduate,Commerce,7.84,Sports,None,Research,2.0,None,Average,5,Money,Black,5.786377952755905,January,Classical,1.0,Entrepreneur,Low,Research/Scientist,False
20,Male,Under Graduate,Science,8.8,Sports,Internship,Corporate Job,2.0,Event Management,Average,6,Money,Black,5.786377952755905,February,Rock,1.0,Government Officer,Low,Corporate Employee,False
23,Female,Post Graduate,Arts,7.5,None,None,Corporate Job,2.0,None,Average,4,Freedom,Black,1.0,February,Pop,1.0,Corporate Employee,High,Corporate Employee,True
21,Male,Under Graduate,Science,8.75,Sports,Internship,Startup,2.0,None,Average,5,Money,Black,5.0,February,Rock,3.0,nan,Low,Freelancer,False
21,Male,Under Graduate,Science,8.53,Sports,None,Startup,2.0,None,Average,7,Money,Black,6.0,January,Classical,1.0,Government Officer,Low,Freelancer,False
20,Male,Under Graduate,Science,7.8,Sports,None,Corporate Job,2.0,None,Average,6,Social Impact,Black,4.0,December,Rap,1.0,Government Officer,Low,Corporate Employee,False
20,Female,Under Graduate,Science,8.6,Sports,Internship,Startup,2.0,None,Attended Corporate events,10,Social Impact,Pink,5.786377952755905,March,Rap,1.0,Corporate Employee,Low,Entrepreneur,False
20,Male,Under Graduate,Commerce,7.6,Sports,None,Freelance,2.0,None,Average,5,Money,Blue,5.786377952755905,June,Rock,1.0,Government Officer,High,Freelancer,False
22,Male,Post Graduate,Mixed,7.9,Culturals,Part Time,Corporate Job,2.0,Event Management,Attended Conferences,2,Money,Black,5.786377952755905,April,Pop,1.0,Government Officer,Low,Corporate Employee,False
20,Male,Under Graduate,Commerce,8.6,None,None,Corporate Job,2.0,None,Attended Corporate events,3,Money,Blue,5.786377952755905,December,Classical,1.0,Corporate Employee,High,Corporate Employee,True
21,Male,Under Graduate,Science,8.0,Sports,Part Time,Freelance,2.0,None,Attended Corporate events,8,Freedom,Black,5.786377952755905,May,Rap,0.0,Entrepreneur,Low,Freelancer,False
20,Male,Under Graduate,Science,7.6,Sports,None,Corporate Job,2.0,Student Council Member,Attended Conferences,7,Money,Black,2.0,November,Classical,1.0,Corporate Employee,High,Corporate Employee,True
21,Male,Under Graduate,Commerce,7.2,Sports,Internship,Startup,2.0,None,Attended Corporate events,10,Social Impact,Black,3.0,December,Rap,1.0,Corporate Employee,Low,Entrepreneur,False
21,Female,Under Graduate,Commerce,9.4,Culturals,Internship,Startup,2.0,Event Management,Average,5,Money,Black,3.0,February,Rock,1.0,Corporate Employee,High,Entrepreneur,False
22,Male,Post Graduate,Science,35.587009698275864,Sports,None,Corporate Job,2.0,Event Management,Attended Corporate events,2,Money,Black,3.0,March,Pop,1.0,Corporate Employee,Low,Corporate Employee,True
21,Female,Under Graduate,Commerce,7.86,Sports,Internship,Corporate Job,2.0,Event Management,Attended Buisness meets,4,Work-life Balance,Orange,5.786377952755905,March,Rock,1.0,Corporate Employee,Low,Corporate Employee,True
24,Female,Post Graduate,Science,7.6,Sports,Internship,Corporate Job,2.0,None,Average,8,Money,Blue,5.786377952755905,August,Classical,2.0,Government Officer,Low,Corporate Employee,False
20,Male,Under Graduate,Commerce,8.6,Sports,Internship,Startup,2.0,Event Management,Attended Corporate events,5,Money,Blue,5.0,July,Pop,1.0,Entrepreneur,Low,Entrepreneur,True
21,Male,Under Graduate,Science,6.4,None,Internship,Corporate Job,2.0,None,Attended Conferences,6,Money,Purple,6.0,March,Rock,2.0,Corporate Employee,Low,Corporate Employee,True
20,Male,High School,Science,0.8,Sports,None,Corporate Job,2.0,None,Attended Corporate events,10,Money,White,5.786377952755905,June,Rock,4.0,nan,High,Government Officer,False
20,Female,Under Graduate,Commerce,8.6,Sports,Internship,Freelance,2.0,Event Management,Attended Corporate events,5,Money,Blue,5.786377952755905,August,Classical,1.0,Government Officer,Low,Entrepreneur,False
23,Male,Post Graduate,Science,35.587009698275864,None,None,Corporate Job,2.0,Event Management,Attended Conferences,5,Money,Black,5.786377952755905,June,Rap,2.0,Corporate Employee,Low,Corporate Employee,True
21,Female,Under Graduate,Science,8.56,None,None,Corporate Job,2.0,Event Management,Attended Corporate events,10,Social Impact,Yellow,5.786377952755905,December,Rap,1.0,Corporate Employee,Low,Corporate Employee,True
20,Male,High School,Commerce,7.5,Sports,Internship,Corporate Job,2.0,None,Attended Conferences,3,Money,Blue,4.0,June,Classical,1.0,Corporate Employee,Low,Corporate Employee,True
23,Female,Post Graduate,Science,9.07,Culturals,None,Corporate Job,2.0,Student Council Member,Average,4,Passion,Blue,5.786377952755905,February,Classical,1.0,Corporate Employee,Low,Corporate Employee,True
19,Male,Under Graduate,Science,7.5,Sports,Internship,Startup,2.0,Event Management,Average,5,Money,Black,3.0,August,Rap,1.0,Corporate Employee,Low,Entrepreneur,False
2,Female,Under Graduate,Science,7.0,Sports,Internship,Corporate Job,2.0,Student Council Member,Attended Conferences,8,Money,Blue,5.786377952755905,January,Rock,1.0,Corporate Employee,Low,Corporate Employee,True
21,Male,Under Graduate,Commerce,8.8,Sports,Internship,Corporate Job,2.0,None,Attended Corporate events,2,Passion,Red,8.0,July,Rap,1.0,Corporate Employee,High,Corporate Employee,True
21,Female,Under Graduate,Commerce,9.48,None,None,Corporate Job,2.0,None,Average,5,Passion,Green,5.786377952755905,January,Classical,1.0,Corporate Employee,Low,Corporate Employee,True
20,Male,Post Graduate,Science,7.5,Sports,Internship,Corporate Job,2.0,Event Management,Average,5,Money,Blue,3.0,September,Classical,1.0,Corporate Employee,Low,Corporate Employee,True
20,Male,Under Graduate,Commerce,35.587009698275864,Sports,None,Corporate Job,2.0,Event Management,Average,4,Passion,Green,5.786377952755905,February,Classical,1.0,Corporate Employee,Low,Entrepreneur,False
21,Male,Post Graduate,Science,0.76,Sports,None,Corporate Job,2.0,Event Management,Average,5,Money,Black,5.786377952755905,August,Rock,1.0,Entrepreneur,High,Corporate Employee,False
20,Female,Under Graduate,Science,9.3,None,None,Corporate Job,2.0,None,Average,1,Work-life Balance,Purple,2.5,January,Classical,1.0,Corporate Employee,Low,Corporate Employee,True
20,Female,Under Graduate,Science,9.0,None,None,Corporate Job,2.0,None,Average,1,Work-life Balance,Orange,2.5,August,Pop,1.0,Entrepreneur,Low,Corporate Employee,False
21,Male,Under Graduate,Commerce,8.4,Sports,None,Corporate Job,2.0,Event Management,Average,6,Money,Blue,5.786377952755905,November,Rap,1.0,Entrepreneur,Low,Entrepreneur,True
24,Female,Post Graduate,Science,60.0,Sports,None,Corporate Job,2.0,Student Council Member,Average,5,Passion,Black,5.786377952755905,March,Classical,0.0,Government Officer,Low,Corporate Employee,False
25,Male,Post Graduate,Science,8.14,Sports,None,Corporate Job,2.0,Student Council Member,Attended Conferences,7,Work-life Balance,Blue,3.0,April,Classical,1.0,Government Officer,Low,Corporate Employee,False
21,Female,Under Graduate,Science,7.78,Sports,Internship,Corporate Job,2.0,Event Management,Average,7,Passion,Blue,2.0,November,Classical,1.0,Corporate Employee,Low,Corporate Employee,True
21,Male,Under Graduate,Commerce,9.1,Sports,None,Corporate Job,2.0,Event Management,Average,6,Money,White,5.786377952755905,February,Rap,1.0,Corporate Employee,Low,Corporate Employee,True
22,Female,Post Graduate,Commerce,81.0,Culturals,None,Corporate Job,2.0,Event Management,Average,5,Passion,Blue,5.786377952755905,November,Rock,1.0,Government Officer,Low,Entrepreneur,False
20,Male,Under Graduate,Commerce,7.5,Sports,None,Corporate Job,2.0,Event Management,Average,5,Money,Blue,5.786377952755905,July,Rock,1.0,Entrepreneur,High,Entrepreneur,True
20,Male,Under Graduate,Science,7.39,Sports,Internship,Corporate Job,2.0,None,Average,6,Money,Blue,5.786377952755905,June,Classical,2.0,Government Officer,Low,Corporate Employee,False
22,Male,Under Graduate,Commerce,7.81,Sports,Internship,Corporate Job,2.0,None,Average,6,Money,White,5.0,October,Rock,1.0,Government Officer,Low,Corporate Employee,False
21,Female,Under Graduate,Commerce,9.4,Culturals,None,Corporate Job,2.0,Student Council Member,Attended Conferences,5,Passion,Yellow,3.0,December,Classical,0.0,Research/Scientist,High,Corporate Employee,False
20,Female,Under Graduate,Commerce,0.75,None,Internship,Corporate Job,2.0,None,Average,6,Work-life Balance,Black,5.786377952755905,October,Rock,1.0,Corporate Employee,Low,Corporate Employee,True
21,Female,Under Graduate,Science,0.84,Debate,Internship,Corporate Job,2.0,Student Council Member,Attended Corporate events,6,Money,Black,3.0,July,Classical,1.0,Corporate Employee,High,Corporate Employee,True
22,Female,Post Graduate,Science,7.3,Sports,None,Corporate Job,2.0,None,Average,5,Work-life Balance,Green,2.0,July,Classical,2.0,Corporate Employee,Low,Government Officer,False
22,Female,Post Graduate,Commerce,8.05,None,None,Corporate Job,2.0,None,Average,3,Work-life Balance,Purple,2.0,May,Pop,1.0,Corporate Employee,Low,Entrepreneur,False
22,Female,Post Graduate,Science,35.587009698275864,Sports,None,Corporate Job,2.0,None,Average,3,Work-life Balance,Blue,3.0,October,Classical,0.0,nan,Low,Government Officer,False
23,Male,Post Graduate,Science,6.66,Culturals,Internship,Corporate Job,2.0,None,Average,5,Passion,Blue,5.786377952755905,April,Classical,2.0,Corporate Employee,Low,Corporate Employee,True
20,Male,Under Graduate,Commerce,8.2,Sports,None,Research,2.0,None,Average,5,Passion,Blue,2.5,October,Classical,3.0,Entrepreneur,High,Entrepreneur,True
20,Female,Under Graduate,Commerce,8.15,Culturals,None,Corporate Job,2.0,None,Attended Corporate events,5,Money,Black,2.0,April,Rock,1.0,Corporate Employee,Low,Corporate Employee,True
21,Female,Post Graduate,Science,9.59,Sports,None,Corporate Job,2.0,Event Management,Average,7,Work-life Balance,Orange,5.786377952755905,December,Classical,1.0,Corporate Employee,High,Corporate Employee,True
25,Male,Post Graduate,Science,0.65,Sports,None,Corporate Job,2.0,None,Average,5,Passion,Blue,5.786377952755905,July,Classical,1.0,Corporate Employee,Low,Corporate Employee,True
22,Male,Post Graduate,Science,7.7,Sports,None,Startup,2.0,Event Management,Attended Buisness meets,10,Work-life Balance,Green,4.0,November,Classical,1.0,Entrepreneur,High,Entrepreneur,True
20,Male,Under Graduate,Science,7.0,Sports,Internship,Startup,2.0,None,Attended Corporate events,7,Money,Black,2.0,February,Rock,1.0,Freelancer,Low,Entrepreneur,False
21,Male,Post Graduate,Science,0.69,None,None,Startup,2.0,None,Average,4,Work-life Balance,Green,5.786377952755905,January,Rap,1.0,Corporate Employee,High,Freelancer,False
20,Female,Under Graduate,Science,7.5,None,Internship,Startup,2.0,Event Management,Average,10,Money,Black,5.786377952755905,June,Classical,0.0,Entrepreneur,High,Freelancer,False
23,Female,Post Graduate,Science,35.587009698275864,Culturals,Internship,Corporate Job,2.0,None,Average,8,Freedom,Purple,5.786377952755905,November,Classical,0.0,Government Officer,Low,Corporate Employee,False
23,Male,Post Graduate,Science,7.0,Sports,Internship,Freelance,2.0,Event Management,Attended Conferences,7,Passion,Black,4.0,August,Rock,0.0,Government Officer,Low,Freelancer,False
21,Female,Under Graduate,Science,8.7,Culturals,None,Corporate Job,2.0,Event Management,Attended Corporate events,2,Work-life Balance,Black,3.0,January,Classical,1.0,Government Officer,Low,Corporate Employee,False
21,Male,Post Graduate,Science,7.5,Culturals,Internship,Corporate Job,2.0,None,Attended Corporate events,6,Money,Green,4.0,March,Classical,1.0,Entrepreneur,Low,Corporate Employee,False
21,Male,Post Graduate,Science,35.587009698275864,Culturals,None,Corporate Job,2.0,None,Attended Conferences,5,Money,Blue,5.786377952755905,August,Pop,1.0,Corporate Employee,Low,Corporate Employee,True
20,Female,Under Graduate,Science,9.12,Sports,None,Corporate Job,2.0,None,Attended Corporate events,4,Money,Blue,8.0,September,Classical,1.0,Corporate Employee,Low,Corporate Employee,True
21,Female,Under Graduate,Commerce,9.26,Culturals,None,Startup,2.0,Event Management,Average,2,Freedom,Black,5.786377952755905,March,Rap,1.0,Corporate Employee,Low,Entrepreneur,False
23,Male,Post Graduate,Science,8.16,Sports,None,Startup,2.0,Student Council Member,Attended Corporate events,9,Passion,Blue,4.0,April,Pop,1.0,Government Officer,Low,Corporate Employee,False
20,Female,Post Graduate,Commerce,8.6,Culturals,Part Time,Startup,2.0,None,Attended Conferences,5,Work-life Balance,Black,5.786377952755905,September,Rock,1.0,Research/Scientist,Low,Entrepreneur,False
20,Female,Under Graduate,Science,8.61,Culturals,Internship,Corporate Job,2.0,Student Council Member,Attended Conferences,1,Social Impact,Blue,5.786377952755905,September,Classical,1.0,Corporate Employee,Low,Corporate Employee,True
20,Female,Under Graduate,Science,8.4,Culturals,None,Freelance,2.0,None,Attended Conferences,4,Work-life Balance,Yellow,5.786377952755905,May,Rock,1.0,Freelancer,Low,Freelancer,True
21,Male,Under Graduate,Science,9.0,Sports,None,Freelance,2.0,None,Average,5,Freedom,Black,4.0,January,Classical,3.0,nan,High,Freelancer,False
21,Female,Under Graduate,Science,9.45,Culturals,None,Corporate Job,2.0,None,Average,7,Money,Blue,5.786377952755905,December,Classical,0.0,Corporate Employee,Low,Corporate Employee,True
22,Male,Post Graduate,Science,78.0,Sports,None,Startup,2.0,None,Average,5,Passion,Black,5.786377952755905,July,Rap,2.0,Entrepreneur,Low,Entrepreneur,True
21,Female,Post Graduate,Science,9.0,Sports,None,Corporate Job,2.0,None,Average,7,Passion,Green,5.786377952755905,March,Classical,1.0,Corporate Employee,High,Corporate Employee,True
22,Male,Post Graduate,Science,0.8,Sports,None,Corporate Job,2.0,None,Average,5,Money,Black,5.786377952755905,December,Rock,0.0,Entrepreneur,High,Corporate Employee,False
21,Female,Under Graduate,Science,7.89,Culturals,None,Corporate Job,2.0,Student Council Member,Attended Corporate events,10,Passion,Purple,5.786377952755905,March,Classical,1.0,Corporate Employee,Low,Corporate Employee,True
21,Female,Under Graduate,Science,8.87,Culturals,None,Corporate Job,2.0,Event Management,Attended Conferences,5,Work-life Balance,Blue,3.0,February,Pop,0.0,Corporate Employee,High,Corporate Employee,True
23,Female,Post Graduate,Science,8.1,Sports,None,Corporate Job,2.0,None,Attended Corporate events,8,Work-life Balance,White,2.5,May,Classical,1.0,Government Officer,High,Corporate Employee,False
23,Male,Under Graduate,Science,0.82,Culturals,Part Time,Corporate Job,2.0,Event Management,Attended Corporate events,2,Work-life Balance,Black,2.0,June,Classical,1.0,Corporate Employee,Low,Corporate Employee,True
20,Female,Under Graduate,Science,8.2,Culturals,Internship,Startup,2.0,Event Management,Average,10,Money,Black,5.786377952755905,July,Classical,1.0,Entrepreneur,Low,Entrepreneur,True
22,Female,Under Graduate,Commerce,87.0,None,None,Corporate Job,2.0,None,Average,7,Money,Black,5.786377952755905,November,Pop,2.0,Corporate Employee,Low,Entrepreneur,False
22,Male,Post Graduate,Science,6.56,Sports,Internship,Startup,2.0,None,Average,5,Money,Black,5.786377952755905,April,Classical,0.0,Government Officer,High,Entrepreneur,False
21,Male,Post Graduate,Commerce,6.0,Sports,None,Corporate Job,2.0,None,Average,5,Work-life Balance,Black,5.786377952755905,June,Rock,2.0,Corporate Employee,Low,Corporate Employee,True
21,Female,Under Graduate,Commerce,9.06,Culturals,Internship,Corporate Job,2.0,None,Attended Corporate events,5,Work-life Balance,Red,2.0,March,Classical,1.0,Corporate Employee,High,Corporate Employee,True
21,Male,Under Graduate,Commerce,8.3,Sports,Internship,Corporate Job,2.0,Event Management,Attended Conferences,5,Passion,Black,4.0,April,Rock,1.0,Corporate Employee,High,Corporate Employee,True
Pooja Achar,Female,Post Graduate,Commerce,0.85,Sports,Internship,Corporate Job,2.0,Event Management,Attended Conferences,5,Money,Red,6.0,January,Rock,1.0,Corporate Employee,Low,Corporate Employee,True
21,Female,Under Graduate,Commerce,35.587009698275864,None,None,Corporate Job,2.0,None,Average,4,Money,Blue,2.5,December,Classical,1.0,Corporate Employee,Low,Corporate Employee,True
20,Female,Under Graduate,Commerce,9.6,Sports,Internship,Corporate Job,2.0,Student Council Member,Average,6,Work-life Balance,Blue,3.0,April,Pop,1.0,nan,Low,Entrepreneur,False
21,Female,Under Graduate,Commerce,35.587009698275864,Culturals,None,Corporate Job,2.0,None,Average,3,Passion,Green,5.786377952755905,September,Classical,1.0,Entrepreneur,High,Corporate Employee,False
20,Male,High School,Commerce,7.0,Sports,Internship,Freelance,2.0,None,Attended Conferences,1,Work-life Balance,Black,3.0,September,Classical,1.0,nan,Low,Freelancer,False
25,Female,Post Graduate,Science,7.8,None,Full time,Corporate Job,2.0,Event Management,Attended Corporate events,5,Work-life Balance,Pink,5.786377952755905,March,Classical,1.0,Government Officer,Low,Corporate Employee,False
20,Male,Under Graduate,Science,8.36,Sports,None,Corporate Job,2.0,None,Attended Corporate events,8,Work-life Balance,Blue,3.0,June,Rock,1.0,Corporate Employee,High,Corporate Employee,True
19,Male,High School,Science,92.0,Debate,None,Research,2.0,Event Management,Attended Conferences,1,Passion,Green,8.0,September,Classical,1.0,Research/Scientist,Low,Research/Scientist,True
18,Male,Under Graduate,Science,0.94,Sports,None,Research,2.0,Event Management,Average,5,Passion,Red,5.786377952755905,October,Pop,2.0,Research/Scientist,Low,Research/Scientist,True
19,Male,High School,Science,96.0,Sports,None,Corporate Job,2.0,None,Average,4,Money,Blue,1.5,June,Classical,1.0,Corporate Employee,Low,Entrepreneur,False
18,Male,High School,Science,35.587009698275864,Sports,Internship,Corporate Job,2.0,Student Council Member,Attended Corporate events,1,Passion,Red,5.786377952755905,April,Rap,66.0,Government Officer,Low,Corporate Employee,False
19,Male,Under Graduate,Science,90.0,Sports,None,Freelance,2.0,Event Management,Average,9,Passion,Blue,5.786377952755905,April,Rock,4.0,Government Officer,High,Freelancer,False
19,Male,High School,Science,9.0,Sports,None,Research,2.0,Event Management,Attended Conferences,9,Work-life Balance,Red,5.786377952755905,October,Classical,0.0,Entrepreneur,High,Research/Scientist,False
19,Male,Under Graduate,Science,0.85,None,None,Startup,2.0,None,Average,7,Money,Green,5.786377952755905,July,Classical,0.0,Government Officer,Low,Freelancer,False
18,Male,Under Graduate,Science,95.0,Sports,None,Startup,2.0,Event Management,Attended Conferences,4,Work-life Balance,Black,3.0,September,Rock,1.0,Government Officer,High,Freelancer,False
18,Male,Under Graduate,Science,98.0,Sports,None,Corporate Job,2.0,None,Average,7,Freedom,Orange,4.0,May,Pop,1.0,Corporate Employee,Low,Corporate Employee,True
18,Male,Under Graduate,Science,0.9,Culturals,None,Research,2.0,Event Management,Attended Conferences,7,Passion,Black,5.786377952755905,August,Pop,1.0,nan,Low,Research/Scientist,False
19,Male,Under Graduate,Science,97.5,None,None,Freelance,2.0,None,Average,4,Social Impact,Red,4.0,January,Classical,3.0,Government Officer,Low,Freelancer,False
18,Male,High School,Commerce,9.5,Sports,Internship,Research,2.0,Event Management,Attended Corporate events,3,Money,Black,5.786377952755905,September,Pop,1.0,Corporate Employee,High,Research/Scientist,False
18,Male,Under Graduate,Science,99.0,Sports,None,Research,2.0,Student Council Member,Average,10,Money,Pink,4.0,May,Rock,1.0,Government Officer,Low,Research/Scientist,False
19,Male,Under Graduate,Science,0.955,None,None,Freelance,2.0,None,Average,7,Money,Red,8.0,April,Pop,1.0,Entrepreneur,Low,Freelancer,False
19,Male,Under Graduate,Science,98.0,Sports,None,Startup,2.0,Event Management,Attended Conferences,9,Passion,Blue,5.0,April,Classical,1.0,Entrepreneur,High,Corporate Employee,False
18,Male,High School,Science,7.5,Sports,None,Freelance,2.0,None,Average,6,Money,Orange,5.786377952755905,June,Rock,1.0,Freelancer,Low,Freelancer,True
19,Male,Under Graduate,Science,90.0,Culturals,None,Research,2.0,None,Average,1,Passion,Yellow,3.0,June,Classical,2.0,Research/Scientist,Low,Research/Scientist,True
19,Male,Under Graduate,Science,86.0,Sports,Part Time,Startup,2.0,Student Council Member,Average,8,Money,Black,2.0,September,Rap,1.0,Government Officer,Low,Entrepreneur,False
19,Male,Under Graduate,Science,9.9,Sports,None,Startup,2.0,Student Council Member,Attended Buisness meets,5,Freedom,White,5.786377952755905,April,Classical,1.0,Entrepreneur,Low,Corporate Employee,False
19,Male,Under Graduate,Science,80.0,Sports,Part Time,Research,2.0,Student Council Member,Attended Corporate events,4,Passion,Blue,5.786377952755905,June,Classical,1.0,Research/Scientist,Low,Research/Scientist,True
23,Male,Under Graduate,Science,8.0,Sports,Full time,Startup,2.0,Student Council Member,Attended Corporate events,5,Passion,Yellow,3.0,April,Rock,0.0,Entrepreneur,Low,Entrepreneur,True
27,Female,Post Graduate,Science,0.8,Sports,Full time,Corporate Job,2.0,Event Management,Attended Corporate events,8,Passion,Yellow,5.786377952755905,February,Classical,2.0,Entrepreneur,Low,Corporate Employee,False
21,Female,Under Graduate,Commerce,9.2,Culturals,None,Corporate Job,2.0,None,Attended Conferences,6,Money,Purple,5.786377952755905,August,Classical,1.0,Corporate Employee,Low,Corporate Employee,True
22,Male,Under Graduate,Commerce,8.2,Sports,Internship,Startup,2.0,None,Attended Buisness meets,6,Passion,Yellow,5.786377952755905,February,Rock,1.0,Entrepreneur,Low,Entrepreneur,True
22,Male,Post Graduate,Science,8.32,Sports,Internship,Freelance,2.0,Event Management,Attended Conferences,5,Money,Black,5.0,March,Rap,0.0,Freelancer,Low,Freelancer,True
22,Female,Under Graduate,Arts,0.8,Culturals,Internship,Freelance,2.0,Event Management,Attended Corporate events,6,Freedom,Black,5.786377952755905,December,Pop,1.0,Entrepreneur,Low,Freelancer,False
19,Male,Under Graduate,Commerce,60.0,Culturals,Part Time,Freelance,2.0,Student Council Member,Attended Conferences,9,Social Impact,Orange,3.0,July,Classical,0.0,Entrepreneur,Low,Entrepreneur,True
23,Female,Under Graduate,Commerce,8.0,None,Internship,Corporate Job,2.0,Event Management,Attended Corporate events,7,Work-life Balance,Black,5.786377952755905,April,Pop,1.0,Corporate Employee,Low,Corporate Employee,True
19,Male,Under Graduate,Science,65.0,Sports,Part Time,Freelance,2.0,Event Management,Attended Corporate events,3,Work-life Balance,Black,5.786377952755905,January,Rock,8792396032.0,Freelancer,Low,Freelancer,True
24,Male,Under Graduate,Arts,8.6,Culturals,Part Time,Corporate Job,2.0,Student Council Member,Attended Conferences,8,Social Impact,Green,4.0,February,Rock,1.0,Entrepreneur,Low,Corporate Employee,False
24,Male,Under Graduate,Commerce,7.5,Sports,None,Startup,2.0,Event Management,Average,5,Money,Black,3.0,January,Pop,1.0,Entrepreneur,Low,Entrepreneur,True
24,Male,Post Graduate,Arts,61.0,Sports,Internship,Corporate Job,2.0,Event Management,Attended Corporate events,9,Money,Black,5.0,December,Classical,1.0,Research/Scientist,Low,Corporate Employee,False
29,Male,Under Graduate,Mixed,60.0,Debate,Full time,Research,2.0,Event Management,Attended Conferences,5,Passion,Red,4.0,July,Classical,1.0,Corporate Employee,Low,Research/Scientist,False
22,Female,Post Graduate,Arts,79.0,Sports,Internship,Corporate Job,2.0,Event Management,Attended Conferences,10,Freedom,Blue,5.786377952755905,April,Rock,2.0,Government Officer,Low,Corporate Employee,False
21,Male,Under Graduate,Science,6.5,Debate,Internship,Corporate Job,2.0,Event Management,Attended Conferences,5,Money,Orange,4.0,October,Pop,1.0,Entrepreneur,Low,Corporate Employee,False
25,Male,Under Graduate,Science,6.99,Sports,Full time,Corporate Job,2.0,None,Attended Corporate events,3,Freedom,White,3.0,March,Classical,1.0,Corporate Employee,Low,Corporate Employee,True
20,Female,Under Graduate,Mixed,8.9,Culturals,None,Startup,2.0,Event Management,Attended Corporate events,7,Passion,Black,5.786377952755905,November,Classical,1.0,Entrepreneur,Low,Entrepreneur,True
13,Male,High School,Mixed,83.0,Sports,None,Startup,2.0,Event Management,Attended Buisness meets,7,Work-life Balance,Black,1.5,October,Pop,0.0,Entrepreneur,Low,Entrepreneur,True
26,Male,Post Graduate,Science,7.5,Culturals,None,Corporate Job,2.0,Student Council Member,Average,5,Freedom,Blue,5.786377952755905,June,Pop,2.0,Corporate Employee,Low,Corporate Employee,True
21,Male,Under Graduate,Science,7.35,Culturals,None,Freelance,2.0,Event Management,Average,2,Work-life Balance,Orange,3.0,August,Classical,0.0,Government Officer,Low,Freelancer,False
20,Female,Under Graduate,Commerce,0.82,None,None,Corporate Job,2.0,None,Average,2,Freedom,Purple,5.786377952755905,September,Rock,3.0,Corporate Employee,Low,Corporate Employee,True
21,Male,Under Graduate,Commerce,50.0,Culturals,Internship,Startup,2.0,Event Management,Attended Corporate events,5,Money,Red,3.0,May,Rap,1.0,Entrepreneur,Low,Entrepreneur,True
20,Male,Under Graduate,Commerce,7.4,Culturals,Part Time,Startup,2.0,None,Attended Buisness meets,7,Work-life Balance,Blue,2.0,April,Rock,2.0,Entrepreneur,Low,Entrepreneur,True
22,Female,Under Graduate,Science,0.8,Debate,Internship,Research,2.0,Event Management,Average,5,Passion,Black,4.0,November,Classical,1.0,Entrepreneur,Low,Research/Scientist,False
22,Male,Under Graduate,Science,7.0,Sports,Internship,Startup,2.0,Event Management,Attended Corporate events,3,Freedom,Purple,7.0,April,Rock,0.0,Entrepreneur,Low,Entrepreneur,True
19,Male,Under Graduate,Mixed,68.0,Sports,Part Time,Startup,2.0,Event Management,Attended Conferences,2,Money,Orange,5.786377952755905,October,Classical,2.0,Government Officer,Low,Entrepreneur,False
19,Male,High School,Commerce,96.0,Sports,Part Time,Startup,2.0,Student Council Member,Average,5,Passion,Blue,3.0,March,Classical,1.0,Entrepreneur,Low,Entrepreneur,True
32,Male,Post Graduate,Commerce,60.0,Sports,Full time,Corporate Job,2.0,Student Council Member,Attended Buisness meets,4,Work-life Balance,Yellow,3.0,January,Classical,4.0,Entrepreneur,High,Corporate Employee,False
19,Female,Under Graduate,Commerce,8.94,Sports,None,Freelance,2.0,Student Council Member,Average,10,Money,Black,3.0,June,Classical,1.0,Freelancer,Low,Freelancer,True
21,Female,Under Graduate,Arts,78.0,None,None,Startup,2.0,None,Average,6,Social Impact,Black,2.0,June,Classical,1.0,Entrepreneur,Low,Freelancer,False
17,Female,High School,Science,0.89,Debate,None,Research,2.0,None,Average,3,Passion,Black,5.786377952755905,November,Rock,0.0,Research/Scientist,Low,Research/Scientist,True
17,Male,High School,Science,67.0,None,None,Freelance,2.0,None,Average,7,Social Impact,Black,5.0,December,Classical,4.0,Government Officer,Low,Freelancer,False
16,Male,High School,Science,84.14,None,Part Time,Corporate Job,2.0,None,Average,4,Money,Blue,2.0,January,Rap,2.0,Corporate Employee,Low,Entrepreneur,False
17,Male,High School,Science,66.0,Sports,None,Startup,2.0,None,Average,2,Money,Black,5.786377952755905,October,Rock,1.0,Entrepreneur,Low,Entrepreneur,True
17,Female,High School,Commerce,0.9816,None,None,Freelance,2.0,None,Average,4,Money,Pink,6.0,June,Classical,3.0,Entrepreneur,Low,Entrepreneur,True
52,Female,Under Graduate,Commerce,35.587009698275864,Sports,Part Time,Corporate Job,2.0,Event Management,Attended Conferences,1,Passion,Green,5.0,October,Classical,7.0,nan,Low,Entrepreneur,False
17,Male,Under Graduate,Commerce,0.82,None,None,Corporate Job,2.0,None,Average,5,Money,Black,3.0,December,Classical,0.0,Corporate Employee,Low,Entrepreneur,False
16,Female,High School,Arts,73.0,Culturals,None,Startup,2.0,None,Average,8,Money,Black,2.0,September,Pop,1.0,nan,Low,Entrepreneur,False
18,Female,Under Graduate,Commerce,0.7,None,Part Time,Corporate Job,2.0,None,Average,4,Money,Black,5.786377952755905,February,Pop,2.0,Government Officer,Low,Entrepreneur,False
420,Other,Post Graduate,Arts,6.9,Debate,Part Time,Startup,2.0,None,Attended Conferences,10,Freedom,Black,25.0,February,Classical,57.0,nan,Low,Entrepreneur,False
17,Male,Under Graduate,Science,85.0,None,None,Corporate Job,2.0,None,Average,1,Social Impact,Red,2.0,April,Rock,1.0,Government Officer,Low,Government Officer,True
18,Male,High School,Commerce,86.0,Culturals,Part Time,Corporate Job,2.0,Student Council Member,Average,4,Money,White,3.0,July,Classical,1.0,Government Officer,Low,Entrepreneur,False
17,Female,Under Graduate,Science,80.0,Sports,None,Research,2.0,Student Council Member,Average,1,Passion,Red,5.786377952755905,November,Rap,2.0,nan,Low,Research/Scientist,False
16,Female,High School,Commerce,0.9683,Debate,None,Startup,2.0,None,Average,5,Work-life Balance,White,4.0,September,Pop,2.0,Entrepreneur,Low,Entrepreneur,True
16,Female,Under Graduate,Science,0.87,Culturals,None,Research,2.0,Student Council Member,Average,3,Money,Blue,5.786377952755905,June,Classical,1.0,Research/Scientist,Low,Research/Scientist,True
16,Male,Under Graduate,Science,68.3,Culturals,None,Corporate Job,2.0,None,Average,4,Money,Black,6.0,September,Classical,1.0,Corporate Employee,Low,Corporate Employee,True
17,Female,High School,Science,0.85,Sports,None,Research,2.0,Student Council Member,Attended Conferences,5,Passion,White,5.786377952755905,February,Pop,2.0,Entrepreneur,Low,Research/Scientist,False
17,Female,Under Graduate,Science,35.587009698275864,None,None,Corporate Job,2.0,None,Average,10,Passion,Purple,5.786377952755905,July,Pop,1.0,Government Officer,Low,Corporate Employee,False
17,Male,High School,Science,85.0,Sports,Part Time,Startup,2.0,None,Average,4,Work-life Balance,Blue,8.0,April,Pop,2.0,Entrepreneur,Low,Entrepreneur,True
Aditi Shashidhar,Female,High School,Commerce,35.587009698275864,Debate,None,Corporate Job,2.0,None,Average,6,Money,Purple,2.0,August,Pop,1.0,Corporate Employee,Low,Corporate Employee,True
17,Male,Under Graduate,Commerce,80.0,Sports,None,Startup,2.0,Event Management,Attended Buisness meets,5,Money,Black,4.0,July,Rap,1.0,nan,Low,Entrepreneur,False
17 years,Female,High School,Commerce,78.0,Culturals,None,Corporate Job,2.0,Student Council Member,Average,5,Passion,Red,2.0,June,Rap,0.0,Government Officer,Low,Entrepreneur,False
17,Male,High School,Commerce,35.587009698275864,None,None,Startup,2.0,None,Attended Conferences,5,Work-life Balance,Red,5.786377952755905,July,Rock,1.0,Entrepreneur,High,Entrepreneur,True
17,Female,High School,Commerce,90.0,Sports,None,Startup,2.0,None,Average,7,Passion,Black,5.0,February,Classical,1.0,Government Officer,Low,Entrepreneur,False
17,Female,Under Graduate,Arts,0.846,Culturals,None,Corporate Job,2.0,None,Average,5,Money,Blue,5.786377952755905,December,Classical,2.0,Corporate Employee,Low,Entrepreneur,False
16,Male,High School,Arts,78.89,Culturals,None,Startup,2.0,Event Management,Attended Buisness meets,2,Passion,Blue,2.0,February,Rap,2.0,Entrepreneur,Low,Entrepreneur,True
17,Female,High School,Commerce,35.587009698275864,Debate,None,Startup,2.0,Student Council Member,Average,1,Money,Black,2.0,November,Classical,1.0,Entrepreneur,Low,Entrepreneur,True
16,Female,High School,Commerce,0.73,None,None,Corporate Job,2.0,None,Average,6,Money,Purple,5.786377952755905,October,Pop,1.0,Corporate Employee,Low,Entrepreneur,False
18,Female,High School,Commerce,0.89,Culturals,None,Startup,2.0,None,Average,3,Passion,White,5.786377952755905,September,Pop,1.0,nan,Low,Entrepreneur,False
16 years ,Male,Under Graduate,Science,0.54,None,None,Freelance,2.0,None,Average,5,Work-life Balance,Blue,5.786377952755905,November,Classical,1.0,Government Officer,Low,Freelancer,False
17,Male,High School,Science,0.75,Sports,None,Research,2.0,Event Management,Average,4,Work-life Balance,Black,6.0,October,Rap,1.0,Government Officer,Low,Research/Scientist,False
17,Male,High School,Commerce,84.0,Culturals,None,Freelance,2.0,Event Management,Attended Buisness meets,5,Freedom,Blue,6.0,October,Rock,0.0,Freelancer,Low,Freelancer,True
17,Female,Under Graduate,Commerce,0.75,Sports,None,Corporate Job,2.0,None,Average,6,Work-life Balance,Black,2.0,March,Rock,1.0,Government Officer,Low,Entrepreneur,False
16,Female,High School,Science,98.08,Sports,None,Research,2.0,None,Average,3,Freedom,Blue,1.5,October,Classical,1.0,Research/Scientist,Low,Research/Scientist,True
19,Female,Under Graduate,Arts,0.48,Sports,None,Startup,2.0,None,Average,1,Money,White,5.786377952755905,April,Classical,1.0,Government Officer,Low,Freelancer,False
17,Female,Under Graduate,Commerce,0.76,Sports,None,Corporate Job,2.0,Student Council Member,Average,5,Passion,Black,3.0,April,Classical,0.0,Government Officer,High,Entrepreneur,False
16,Female,Under Graduate,Science,90.0,None,None,Startup,2.0,None,Average,3,Money,Pink,5.0,January,Rock,1.0,Government Officer,High,Entrepreneur,False
17,Female,High School,Commerce,0.88,Culturals,None,Corporate Job,2.0,Student Council Member,Attended Corporate events,3,Money,Pink,5.786377952755905,August,Rap,1.0,Government Officer,Low,Entrepreneur,False
18,Male,Under Graduate,Science,35.587009698275864,Culturals,None,Startup,2.0,None,Average,3,Social Impact,Red,5.786377952755905,April,Classical,1.0,nan,Low,Entrepreneur,False
17,Male,Under Graduate,Commerce,70.0,Sports,None,Research,2.0,Event Management,Attended Buisness meets,3,Money,Pink,5.0,August,Classical,2.0,Entrepreneur,Low,Research/Scientist,False
16,Male,High School,Commerce,0.63,Sports,None,Startup,2.0,None,Average,6,Money,Black,3.0,August,Pop,1.0,Entrepreneur,Low,Entrepreneur,True
18,Male,Under Graduate,Commerce,85.0,Sports,None,Corporate Job,2.0,None,Average,5,Money,Black,5.786377952755905,June,Classical,4.0,Entrepreneur,Low,Entrepreneur,True
18,Male,High School,Commerce,69.0,Sports,None,Startup,2.0,None,Attended Buisness meets,5,Money,Black,5.786377952755905,February,Classical,2.0,Government Officer,Low,Entrepreneur,False
17,Female,High School,Science,0.97,Culturals,None,Research,2.0,Student Council Member,Average,5,Money,Blue,5.786377952755905,April,Pop,1.0,Research/Scientist,Low,Research/Scientist,True
17,Female,Under Graduate,Commerce,63.0,None,None,Corporate Job,2.0,None,Average,4,Money,Green,3.0,October,Rap,1.0,Corporate Employee,Low,Entrepreneur,False
16,Male,Under Graduate,Commerce,86.0,Sports,None,Startup,2.0,Event Management,Average,6,Passion,Blue,5.786377952755905,January,Classical,1.0,Entrepreneur,Low,Entrepreneur,True
20,Male,High School,Commerce,7.8,Sports,Internship,Corporate Job,2.0,Event Management,Average,5,Money,Blue,5.0,November,Pop,0.0,Corporate Employee,High,Entrepreneur,False
17,Female,High School,Commerce,80.0,None,None,Corporate Job,2.0,None,Average,10,Money,Black,5.786377952755905,February,Pop,0.0,Corporate Employee,High,Corporate Employee,True
26,Female,Post Graduate,Science,35.587009698275864,Culturals,Full time,Corporate Job,2.0,Student Council Member,Average,5,Social Impact,Red,5.786377952755905,December,Classical,1.0,Government Officer,High,Entrepreneur,False
16,Male,Under Graduate,Science,72.3,Sports,None,Corporate Job,2.0,None,Average,5,Money,Black,8.0,December,Pop,0.0,Research/Scientist,Low,Corporate Employee,False
18,Male,Under Graduate,Science,84.0,Sports,None,Startup,2.0,None,Average,2,Money,Blue,5.786377952755905,September,Classical,1.0,Corporate Employee,Low,Entrepreneur,False
18,Male,High School,Commerce,0.9766,None,None,Startup,2.0,Student Council Member,Average,6,Money,Green,3.0,December,Classical,2.0,Entrepreneur,Low,Entrepreneur,True
18,Male,Under Graduate,Science,0.95,Sports,None,Startup,2.0,None,Average,3,Passion,Blue,5.786377952755905,February,Rock,1.0,Entrepreneur,Low,Entrepreneur,True
17,Male,Under Graduate,Science,64.0,Sports,None,Corporate Job,2.0,Student Council Member,Average,8,Money,Orange,5.0,January,Classical,1.0,Corporate Employee,Low,Corporate Employee,True
16,Female,High School,Science,93.83,Sports,None,Research,2.0,None,Average,5,Work-life Balance,Black,5.786377952755905,November,Pop,0.0,Research/Scientist,Low,Research/Scientist,True
17,Female,Under Graduate,Commerce,0.7,Culturals,Internship,Startup,2.0,Student Council Member,Average,7,Money,Black,5.786377952755905,September,Rap,0.0,Government Officer,Low,Entrepreneur,False
17,Female,Under Graduate,Commerce,0.93,None,None,Startup,2.0,None,Average,5,Social Impact,Blue,5.786377952755905,February,Rock,1.0,Government Officer,High,Entrepreneur,False
19,Male,High School,Science,0.63,None,None,Startup,2.0,Event Management,Attended Corporate events,7,Freedom,White,5.786377952755905,December,Pop,2.0,Government Officer,Low,Freelancer,False
17,Male,High School,Commerce,50.0,Culturals,Full time,Corporate Job,2.0,None,Average,10,Work-life Balance,Black,5.786377952755905,March,Pop,0.5,nan,High,Entrepreneur,False
17,Male,Under Graduate,Science,81.0,Sports,None,Corporate Job,2.0,Student Council Member,Average,10,Money,White,5.786377952755905,April,Rock,1.0,Government Officer,Low,Corporate Employee,False
18,Female,High School,Commerce,94.0,None,None,Startup,2.0,None,Average,4,Freedom,Purple,4.0,August,Classical,2.0,Entrepreneur,Low,Entrepreneur,True
18,Female,High School,Science,35.587009698275864,Debate,Internship,Research,2.0,Student Council Member,Attended Conferences,7,Freedom,Blue,5.786377952755905,March,Pop,2.0,Entrepreneur,Low,Research/Scientist,False
17,Male,High School,Science,79.0,Sports,None,Startup,2.0,None,Average,3,Freedom,Purple,3.0,March,Classical,1.0,Entrepreneur,High,Entrepreneur,True
17,Female,High School,Science,89.0,None,None,Freelance,2.0,Student Council Member,Attended Buisness meets,8,Passion,Black,3.0,September,Classical,2.0,Government Officer,Low,Freelancer,False
17,Female,Under Graduate,Science,95.0,Culturals,None,Corporate Job,2.0,None,Average,1,Passion,Black,5.786377952755905,May,Rap,1.0,Government Officer,Low,Corporate Employee,False
17,Male,Under Graduate,Science,0.93,Sports,None,Startup,2.0,None,Average,4,Money,Red,5.786377952755905,August,Rock,1.0,Entrepreneur,Low,Entrepreneur,True
18,Male,High School,Commerce,0.7,Sports,Part Time,Freelance,2.0,None,Average,4,Money,Black,5.786377952755905,October,Rap,2.0,nan,Low,Entrepreneur,False
17,Male,Under Graduate,Science,84.8,None,None,Corporate Job,2.0,Event Management,Average,1,Money,Purple,5.786377952755905,November,Classical,1.0,Corporate Employee,Low,Corporate Employee,True
19,Male,Under Graduate,Commerce,8.0,None,Part Time,Corporate Job,2.0,None,Average,7,Passion,White,5.786377952755905,October,Classical,1.0,nan,Low,Entrepreneur,False
17,Female,Under Graduate,Commerce,0.9516,Culturals,None,Freelance,2.0,Event Management,Attended Corporate events,5,Money,Black,5.786377952755905,June,Rap,0.0,Entrepreneur,Low,Freelancer,False
16,Male,High School,Science,70.5,Culturals,None,Research,2.0,None,Average,3,Social Impact,Black,2.0,August,Rock,1.0,Research/Scientist,Low,Research/Scientist,True
17,Female,Under Graduate,Science,85.0,Culturals,None,Startup,2.0,Student Council Member,Average,7,Freedom,Purple,3.0,June,Classical,1.0,Research/Scientist,High,Freelancer,False
17,Male,High School,Science,0.9,Culturals,None,Startup,2.0,None,Attended Conferences,2,Passion,Purple,8.0,June,Pop,1.0,Entrepreneur,Low,Entrepreneur,True
16,Female,Under Graduate,Commerce,0.78,Culturals,None,Startup,2.0,None,Average,5,Money,Black,5.786377952755905,April,Rock,0.0,Entrepreneur,Low,Entrepreneur,True
18,Female,Under Graduate,Commerce,60.0,Sports,None,Research,2.0,Event Management,Average,5,Work-life Balance,Black,2.0,December,Classical,1.0,Corporate Employee,Low,Research/Scientist,False
16,Female,High School,Science,0.7833,Culturals,None,Startup,2.0,Student Council Member,Average,4,Money,Black,5.786377952755905,February,Pop,1.0,Entrepreneur,Low,Entrepreneur,True
18,Male,High School,Science,0.8,Sports,None,Startup,2.0,None,Average,5,Passion,Red,5.0,March,Classical,1.0,Government Officer,Low,Entrepreneur,False
16,Female,High School,Commerce,85.16,Culturals,None,Startup,2.0,Student Council Member,Attended Conferences,3,Freedom,Black,5.786377952755905,April,Pop,1.0,Entrepreneur,Low,Entrepreneur,True
17,Female,High School,Science,85.0,None,None,Startup,2.0,None,Attended Buisness meets,5,Money,Pink,5.786377952755905,January,Pop,1.0,Entrepreneur,Low,Entrepreneur,True
16,Female,Under Graduate,Commerce,0.82,Culturals,None,Freelance,2.0,None,Average,2,Work-life Balance,Black,5.786377952755905,June,Pop,1.0,Entrepreneur,Low,Freelancer,False
16,Female,High School,Science,75.67,Culturals,None,Research,2.0,None,Average,5,Passion,Black,5.786377952755905,December,Pop,1.0,nan,Low,Research/Scientist,False
17,Male,High School,Commerce,80.0,None,None,Corporate Job,2.0,None,Average,2,Money,Black,2.0,October,Classical,1.0,Corporate Employee,Low,Corporate Employee,True
16,Female,Under Graduate,Science,0.64,None,None,Research,2.0,Student Council Member,Attended Buisness meets,3,Money,Red,10.0,June,Rock,1.0,Research/Scientist,Low,Research/Scientist,True
17,Female,Under Graduate,Science,61.0,Culturals,None,Startup,2.0,None,Average,4,Passion,Blue,5.786377952755905,August,Classical,2.0,nan,Low,Entrepreneur,False
21,Male,Under Graduate,Science,8.89,Sports,None,Corporate Job,2.0,Event Management,Attended Conferences,4,Freedom,White,2.0,March,Rock,1.0,Corporate Employee,High,Corporate Employee,True
16,Male,Under Graduate,Science,88.0,Debate,None,Research,2.0,None,Average,7,Social Impact,Blue,4.0,December,Rock,1.0,Research/Scientist,Low,Research/Scientist,True
17,Male,Under Graduate,Science,50.0,Sports,None,Startup,2.0,None,Average,1,Money,Green,6.0,March,Classical,1.0,Entrepreneur,Low,Entrepreneur,True
18,Female,High School,Commerce,87.0,None,None,Corporate Job,2.0,None,Average,5,Freedom,White,500.0,February,Classical,2.0,Entrepreneur,Low,Entrepreneur,True
16,Male,High School,Science,78.0,Sports,None,Research,2.0,Student Council Member,Attended Buisness meets,7,Money,Blue,5.786377952755905,November,Rock,1.0,Research/Scientist,Low,Research/Scientist,True
17,Male,High School,Science,87.0,Sports,Full time,Startup,2.0,Student Council Member,Average,7,Work-life Balance,Blue,5.0,November,Rap,2.0,Freelancer,Low,Entrepreneur,False
17,Female,High School,Commerce,0.6517,Culturals,None,Corporate Job,2.0,None,Average,8,Freedom,Purple,5.786377952755905,December,Classical,1.0,Entrepreneur,Low,Entrepreneur,True
17,Female,Under Graduate,Science,392.0,Sports,Full time,Startup,2.0,None,Average,3,Freedom,Blue,8.0,May,Rap,3.0,nan,Low,Entrepreneur,False
16,Female,High School,Science,71.0,None,None,Corporate Job,2.0,None,Average,3,Work-life Balance,Black,1.0,February,Rock,1.0,Government Officer,Low,Corporate Employee,False
17,Male,High School,Science,68.0,None,None,Research,2.0,None,Average,4,Money,Blue,3.0,July,Rap,1.0,Government Officer,Low,Research/Scientist,False
17,Male,Under Graduate,Commerce,0.65,Sports,None,Corporate Job,2.0,None,Average,5,Work-life Balance,Black,5.786377952755905,February,Rap,1.0,nan,Low,Entrepreneur,False
18,Male,High School,Science,81.2,Culturals,None,Research,2.0,Student Council Member,Average,5,Work-life Balance,Black,2.0,January,Classical,1.0,Research/Scientist,Low,Research/Scientist,True
17,Male,Under Graduate,Commerce,82.45,Sports,None,Freelance,2.0,Student Council Member,Average,1,Work-life Balance,White,5.786377952755905,November,Pop,1.0,Government Officer,Low,Freelancer,False
18,Male,High School,Commerce,86.0,Sports,None,Corporate Job,2.0,None,Average,7,Money,Blue,3.0,December,Pop,1.0,Corporate Employee,Low,Entrepreneur,False
17,Female,Under Graduate,Science,71.0,Sports,None,Research,2.0,Student Council Member,Average,7,Passion,White,2.0,March,Classical,1.0,Government Officer,Low,Research/Scientist,False
20,Male,Under Graduate,Science,35.587009698275864,None,None,Corporate Job,2.0,Event Management,Average,6,Passion,Black,5.786377952755905,April,Rock,1.0,Entrepreneur,Low,Corporate Employee,False
17,Female,Under Graduate,Commerce,85.0,Culturals,None,Startup,2.0,None,Average,7,Freedom,Blue,5.786377952755905,January,Rock,1.0,nan,Low,Entrepreneur,False
17,Female,High School,Science,0.57,None,None,Corporate Job,2.0,Student Council Member,Attended Conferences,9,Work-life Balance,Blue,5.786377952755905,September,Classical,1.0,Research/Scientist,Low,Corporate Employee,False
16,Female,Under Graduate,Science,0.81,None,None,Corporate Job,2.0,None,Average,4,Work-life Balance,Purple,5.786377952755905,June,Classical,1.0,Corporate Employee,Low,Corporate Employee,True
17,Female,Under Graduate,Commerce,0.79,Sports,None,Corporate Job,2.0,Student Council Member,Attended Buisness meets,10,Freedom,Black,5.786377952755905,March,Rock,1.0,Government Officer,Low,Corporate Employee,False
17,Female,High School,Science,0.92,Debate,None,Freelance,2.0,Event Management,Average,8,Passion,Black,5.786377952755905,June,Rap,1.0,Corporate Employee,Low,Freelancer,False
16,Female,Post Graduate,Science,0.815,None,None,Corporate Job,2.0,None,Average,2,Money,Black,6.0,September,Classical,0.0,Government Officer,Low,Government Officer,True
18,Male,High School,Commerce,0.5616,None,None,Corporate Job,2.0,None,Average,5,Passion,Blue,5.786377952755905,December,Rock,2.0,Government Officer,Low,Entrepreneur,False
17,Female,High School,Commerce,76.6,None,None,Startup,2.0,None,Average,7,Work-life Balance,Red,5.786377952755905,September,Rock,2.0,Entrepreneur,Low,Entrepreneur,True
17,Male,High School,Science,48.0,Sports,None,Startup,2.0,None,Average,1,Passion,Red,3.0,January,Pop,1.0,Government Officer,Low,Entrepreneur,False
17,Female,High School,Commerce,77.0,Culturals,None,Freelance,2.0,None,Average,7,Freedom,White,2.0,February,Classical,1.0,Freelancer,Low,Freelancer,True
17,Female,High School,Commerce,0.75,Culturals,None,Research,2.0,Student Council Member,Average,4,Passion,Black,2.0,March,Classical,1.0,Government Officer,Low,Research/Scientist,False
16,Male,High School,Commerce,86.0,None,None,Freelance,2.0,None,Average,5,Passion,Green,5.786377952755905,July,Classical,1.0,Government Officer,Low,Entrepreneur,False
17,Male,High School,Commerce,63.33,None,None,Startup,2.0,Student Council Member,Average,3,Social Impact,Black,5.786377952755905,May,Classical,0.0,Government Officer,Low,Entrepreneur,False
16,Male,High School,Commerce,51.33,None,None,Startup,2.0,None,Average,3,Passion,Red,5.786377952755905,May,Rap,2.0,Government Officer,Low,Entrepreneur,False
17,Male,High School,Commerce,35.587009698275864,None,None,Corporate Job,2.0,None,Average,5,Money,Black,5.786377952755905,August,Rap,1.0,Government Officer,High,Entrepreneur,False
16,Female,Under Graduate,Commerce,0.555,Sports,None,Freelance,2.0,None,Average,5,Work-life Balance,Pink,5.786377952755905,November,Classical,1.0,Entrepreneur,Low,Entrepreneur,True
17,Female,Under Graduate,Commerce,80.0,Culturals,None,Corporate Job,2.0,Event Management,Attended Corporate events,1,Passion,Purple,2.0,June,Classical,1.0,Entrepreneur,Low,Corporate Employee,False
18,Female,Under Graduate,Science,87.0,Culturals,None,Startup,2.0,Student Council Member,Average,6,Passion,Blue,5.786377952755905,January,Classical,1.0,Government Officer,High,Entrepreneur,False
18,Female,High School,Commerce,0.84,None,None,Startup,2.0,None,Average,7,Freedom,Orange,5.786377952755905,October,Classical,1.0,nan,High,Freelancer,False
17,Male,High School,Science,71.0,None,None,Freelance,2.0,None,Average,4,Money,Green,2.0,April,Rock,0.0,Government Officer,Low,Freelancer,False
17,Female,Under Graduate,Science,35.587009698275864,Sports,None,Corporate Job,2.0,None,Average,3,Freedom,Black,5.786377952755905,January,Classical,2.0,nan,High,Government Officer,False
18,Male,High School,Commerce,93.0,Sports,None,Freelance,2.0,None,Average,2,Money,Green,4.0,December,Pop,1.0,Entrepreneur,High,Freelancer,False
18,Male,High School,Science,0.96,Sports,None,Corporate Job,2.0,None,Attended Corporate events,2,Passion,Orange,6.0,March,Rock,1.0,Government Officer,Low,Corporate Employee,False
18,Male,Under Graduate,Arts,56.0,Sports,Part Time,Freelance,2.0,Student Council Member,Attended Conferences,3,Money,White,15.0,October,Rap,2.0,Government Officer,Low,Freelancer,False
18,Female,High School,Science,95.5,Culturals,Part Time,Freelance,2.0,Event Management,Average,3,Passion,Blue,2.5,January,Pop,1.0,Freelancer,Low,Freelancer,True
17,Male,High School,Commerce,70.0,Sports,None,Corporate Job,2.0,Student Council Member,Average,5,Money,Blue,7.0,August,Rock,1.0,Entrepreneur,Low,Entrepreneur,True
17,Female,Under Graduate,Science,0.8,Culturals,None,Startup,2.0,Student Council Member,Average,7,Passion,Pink,3.0,May,Classical,1.0,Research/Scientist,Low,Entrepreneur,False
17,Female,Under Graduate,Commerce,75.0,Culturals,None,Corporate Job,2.0,None,Average,4,Passion,Blue,1.0,November,Rock,0.0,Government Officer,Low,Entrepreneur,False
17,Male,Under Graduate,Commerce,88.2,None,None,Startup,2.0,None,Average,2,Work-life Balance,Black,5.786377952755905,February,Classical,0.0,Entrepreneur,Low,Entrepreneur,True
18,Male,Under Graduate,Science,63.0,None,Part Time,Startup,2.0,None,Average,5,Money,Black,5.786377952755905,September,Classical,4.0,Entrepreneur,Low,Entrepreneur,True
17,Female,Under Graduate,Commerce,35.587009698275864,None,None,Startup,2.0,None,Average,9,Work-life Balance,Black,1.0,June,Pop,1.0,Entrepreneur,High,Entrepreneur,True
20,Male,Under Graduate,Science,7.98,Sports,Part Time,Freelance,2.0,Event Management,Average,2,Passion,Green,5.0,October,Classical,1.0,Entrepreneur,Low,Entrepreneur,True
16,Male,High School,Commerce,70.0,Culturals,None,Freelance,2.0,None,Average,5,Passion,Orange,5.786377952755905,June,Rock,1.0,Freelancer,Low,Freelancer,True
17,Female,Under Graduate,Science,0.76,Sports,None,Corporate Job,2.0,Event Management,Average,4,Freedom,Blue,5.786377952755905,July,Rap,1.0,Government Officer,Low,Corporate Employee,False
18,Male,High School,Commerce,87.0,Sports,Part Time,Corporate Job,2.0,Event Management,Average,3,Passion,Red,4.0,April,Classical,1.0,Entrepreneur,Low,Entrepreneur,True
17,Female,Under Graduate,Science,0.94,Sports,None,Research,2.0,Student Council Member,Attended Corporate events,1,Passion,Blue,5.786377952755905,December,Classical,0.0,Research/Scientist,Low,Research/Scientist,True
17,Female,Under Graduate,Science,81.5,None,None,Research,2.0,None,Average,3,Passion,Purple,5.786377952755905,January,Classical,1.0,nan,Low,Research/Scientist,False
18,Female,High School,Science,81.7,Sports,None,Corporate Job,2.0,None,Attended Corporate events,5,Passion,Green,5.0,June,Rock,2.0,Corporate Employee,Low,Entrepreneur,False
17,Male,High School,Science,65.0,Sports,None,Research,2.0,Event Management,Average,7,Social Impact,Blue,2.0,May,Pop,0.0,Entrepreneur,Low,Research/Scientist,False
17,Female,High School,Commerce,0.94,Culturals,None,Research,2.0,None,Average,8,Work-life Balance,Purple,5.786377952755905,July,Classical,1.0,Entrepreneur,Low,Research/Scientist,False
10/5/2008,Male,High School,Science,0.88,Sports,None,Startup,2.0,Event Management,Attended Conferences,7,Social Impact,Red,5.786377952755905,May,Classical,0.0,Entrepreneur,Low,Corporate Employee,False
18,Male,Under Graduate,Commerce,87.0,Sports,Part Time,Freelance,2.0,Event Management,Average,4,Work-life Balance,Blue,5.0,December,Classical,1.0,Entrepreneur,Low,Entrepreneur,True
17,Male,High School,Commerce,0.7,Sports,Full time,Corporate Job,2.0,Student Council Member,Attended Corporate events,5,Passion,Black,5.0,May,Rock,0.0,Entrepreneur,Low,Entrepreneur,True
17,Female,High School,Commerce,95.6,Sports,None,Corporate Job,2.0,None,Average,2,Money,Black,5.786377952755905,December,Pop,1.0,Entrepreneur,Low,Entrepreneur,True
17,Female,High School,Mixed,35.587009698275864,None,None,Corporate Job,2.0,None,Average,6,Freedom,Purple,1.8,June,Pop,1.0,Freelancer,Low,Entrepreneur,False
16,Female,Under Graduate,Science,0.78,Culturals,None,Research,2.0,Event Management,Average,4,Social Impact,Black,5.786377952755905,May,Classical,1.0,Research/Scientist,Low,Research/Scientist,True
16,Female,High School,Science,0.88,None,None,Research,2.0,Student Council Member,Average,5,Passion,Black,5.786377952755905,August,Rap,2.0,Research/Scientist,Low,Research/Scientist,True
17,Female,Post Graduate,Science,0.885,Culturals,None,Research,2.0,None,Attended Conferences,7,Freedom,Purple,5.786377952755905,August,Rap,1.0,Research/Scientist,Low,Research/Scientist,True
18,Male,High School,Commerce,0.7,None,Part Time,Corporate Job,2.0,None,Average,1,Freedom,Black,5.786377952755905,April,Classical,1.0,Entrepreneur,Low,Entrepreneur,True
17,Female,High School,Science,0.9,Culturals,None,Research,2.0,Student Council Member,Average,7,Passion,Pink,5.786377952755905,May,Classical,1.0,Research/Scientist,Low,Research/Scientist,True
17,Male,High School,Science,0.61,Sports,None,Startup,2.0,Event Management,Average,7,Work-life Balance,Black,6.0,September,Classical,1.0,nan,Low,Freelancer,False
17,Female,High School,Science,0.8816,Culturals,None,Research,2.0,Student Council Member,Average,3,Freedom,Green,5.786377952755905,April,Classical,1.0,Research/Scientist,Low,Research/Scientist,True
17,Male,Under Graduate,Science,0.9,Sports,None,Freelance,2.0,None,Average,4,Passion,Black,2.0,December,Classical,1.0,Government Officer,Low,Freelancer,False
17,Male,Under Graduate,Science,70.0,Debate,None,Startup,2.0,None,Attended Corporate events,3,Money,Red,3.0,June,Pop,1.0,nan,Low,Entrepreneur,False
18,Male,High School,Science,0.72,Culturals,None,Freelance,2.0,Event Management,Average,4,Passion,Black,5.786377952755905,June,Classical,1.0,Entrepreneur,Low,Freelancer,False
16,Female,High School,Science,0.7,Culturals,None,Corporate Job,2.0,Event Management,Average,7,Passion,Purple,5.786377952755905,September,Pop,1.0,Corporate Employee,Low,Corporate Employee,True
16,Female,Under Graduate,Commerce,0.86,Culturals,None,Corporate Job,2.0,Event Management,Average,2,Passion,Blue,5.786377952755905,September,Classical,1.0,Corporate Employee,Low,Entrepreneur,False
17,Male,Under Graduate,Commerce,80.0,Sports,None,Corporate Job,2.0,Event Management,Attended Conferences,1,Passion,Red,5.0,March,Classical,1.0,Government Officer,Low,Entrepreneur,False
17,Female,Under Graduate,Commerce,80.0,None,None,Startup,2.0,None,Attended Conferences,5,Money,Black,2.0,April,Classical,1.0,Government Officer,Low,Entrepreneur,False
17,Female,Under Graduate,Science,0.718,Culturals,None,Freelance,2.0,Student Council Member,Average,10,Passion,Black,2.0,October,Classical,1.0,Research/Scientist,Low,Freelancer,False
17,Female,High School,Science,0.8033,Sports,None,Freelance,2.0,Student Council Member,Average,1,Passion,Blue,5.786377952755905,March,Rock,1.0,Government Officer,Low,Freelancer,False
18,Female,Under Graduate,Commerce,80.0,Culturals,None,Corporate Job,2.0,None,Average,8,Work-life Balance,Blue,5.786377952755905,February,Classical,1.0,Government Officer,High,Entrepreneur,False
17,Female,High School,Commerce,78.0,Sports,None,Startup,2.0,Student Council Member,Average,5,Passion,White,5.786377952755905,December,Rap,3.0,Government Officer,Low,Entrepreneur,False
17,Female,High School,Commerce,75.0,Sports,None,Startup,2.0,Event Management,Attended Corporate events,8,Work-life Balance,Black,5.786377952755905,April,Classical,2.0,Government Officer,High,Entrepreneur,False
16,Male,High School,Commerce,35.587009698275864,Sports,None,Startup,2.0,None,Average,1,Freedom,Red,5.786377952755905,August,Pop,1.0,Entrepreneur,Low,Entrepreneur,True
17,Male,High School,Commerce,0.67,Sports,Internship,Corporate Job,2.0,Student Council Member,Attended Corporate events,1,Passion,Pink,5.786377952755905,January,Rock,100.0,Government Officer,Low,Entrepreneur,False
17,Male,Under Graduate,Commerce,0.7,Culturals,None,Corporate Job,2.0,Student Council Member,Average,1,Money,Yellow,5.786377952755905,June,Classical,1.0,Government Officer,Low,Entrepreneur,False
16,Female,Under Graduate,Commerce,75.0,Culturals,None,Corporate Job,2.0,None,Average,2,Freedom,Black,5.786377952755905,October,Rock,1.0,Corporate Employee,Low,Corporate Employee,True
17,Female,Under Graduate,Science,0.97,None,None,Freelance,2.0,None,Average,5,Social Impact,White,5.786377952755905,March,Classical,0.0,Government Officer,Low,Freelancer,False
18,Male,High School,Commerce,86.0,Culturals,None,Corporate Job,2.0,None,Average,3,Money,White,4.0,July,Classical,1.0,Government Officer,Low,Corporate Employee,False
Manasa ,Female,High School,Commerce,0.7,Sports,None,Research,2.0,Student Council Member,Attended Buisness meets,10,Freedom,Black,5.786377952755905,August,Rock,1.0,Government Officer,High,Research/Scientist,False
16,Male,High School,Science,90.0,Sports,None,Research,2.0,Event Management,Average,1,Money,Blue,4.0,January,Classical,0.0,Research/Scientist,Low,Research/Scientist,True
16,Female,Under Graduate,Commerce,0.88,Culturals,None,Startup,2.0,Event Management,Average,10,Freedom,Black,2.0,October,Rock,1.0,Entrepreneur,Low,Entrepreneur,True
17,Female,High School,Commerce,0.63,Culturals,Part Time,Startup,2.0,None,Average,3,Passion,Black,2.0,October,Rap,1.0,Entrepreneur,Low,Entrepreneur,True
17,Male,High School,Science,72.0,Sports,None,Corporate Job,2.0,None,Attended Conferences,3,Money,Green,12.0,July,Rock,1.0,Government Officer,Low,Corporate Employee,False
17,Male,Under Graduate,Science,75.0,None,None,Freelance,2.0,None,Average,3,Money,Black,2.0,August,Rap,0.0,Government Officer,Low,Freelancer,False
17,Female,Under Graduate,Science,64.4,Culturals,None,Freelance,2.0,Student Council Member,Average,4,Passion,Red,5.786377952755905,July,Classical,1.0,Entrepreneur,Low,Entrepreneur,True
17,Male,High School,Commerce,68.0,None,Part Time,Corporate Job,2.0,None,Attended Corporate events,5,Money,Green,5.786377952755905,June,Pop,0.0,Government Officer,Low,Entrepreneur,False
16,Male,High School,Commerce,80.0,Sports,None,Corporate Job,2.0,Event Management,Average,8,Money,Black,5.0,July,Rock,2.0,Corporate Employee,Low,Entrepreneur,False
16,Female,High School,Commerce,62.0,None,None,Corporate Job,2.0,None,Average,6,Freedom,Black,5.786377952755905,November,Classical,2.0,Corporate Employee,Low,Entrepreneur,False
17,Female,High School,Commerce,0.93,None,None,Research,2.0,None,Average,4,Money,Black,5.786377952755905,July,Classical,2.0,Freelancer,Low,Research/Scientist,False
17,Female,Under Graduate,Science,75.0,Culturals,None,Startup,2.0,None,Average,5,Work-life Balance,White,2.5,June,Classical,1.0,nan,High,Entrepreneur,False
17,Male,Under Graduate,Science,96.0,Culturals,None,Research,2.0,Student Council Member,Attended Conferences,4,Money,Orange,8.0,May,Classical,1.0,Research/Scientist,Low,Research/Scientist,True
18,Female,Under Graduate,Science,64.0,Culturals,None,Corporate Job,2.0,Student Council Member,Attended Corporate events,5,Freedom,Red,4.0,December,Rock,1.0,nan,Low,Corporate Employee,False
18,Male,Under Graduate,Science,80.0,Sports,Part Time,Research,2.0,Event Management,Attended Conferences,5,Passion,Yellow,5.786377952755905,June,Classical,2.0,Research/Scientist,Low,Research/Scientist,True
18,Male,Under Graduate,Science,35.587009698275864,Sports,None,Corporate Job,2.0,Event Management,Attended Corporate events,4,Work-life Balance,Black,5.786377952755905,July,Classical,1.0,Government Officer,Low,Corporate Employee,False
16,Male,Post Graduate,Commerce,66.83,Sports,None,Corporate Job,2.0,None,Average,5,Work-life Balance,Blue,3.0,July,Classical,3.0,Government Officer,Low,Entrepreneur,False
17,Male,High School,Commerce,48.0,Sports,None,Corporate Job,2.0,None,Attended Corporate events,3,Freedom,Red,2.0,September,Classical,1.0,Government Officer,Low,Entrepreneur,False
18,Male,High School,Arts,79.3,Debate,None,Research,2.0,None,Average,10,Passion,Yellow,6.0,September,Classical,1.0,Government Officer,Low,Research/Scientist,False
17,Male,Post Graduate,Science,75.0,None,None,Freelance,2.0,None,Average,5,Money,Red,2.0,May,Rock,1.0,Entrepreneur,Low,Freelancer,False
17,Male,Under Graduate,Science,0.82,None,None,Startup,2.0,None,Average,2,Work-life Balance,Red,3.0,January,Classical,3.0,Government Officer,Low,Entrepreneur,False
17,Male,Under Graduate,Science,35.587009698275864,None,None,Freelance,2.0,Event Management,Average,5,Passion,Black,3.0,September,Classical,3.0,Freelancer,Low,Freelancer,True
18,Male,High School,Science,35.587009698275864,Sports,None,Startup,2.0,None,Average,5,Money,Black,5.786377952755905,March,Rock,1.0,Entrepreneur,Low,Entrepreneur,True
20,Female,Under Graduate,Science,0.79,Culturals,None,Research,2.0,Student Council Member,Average,2,Freedom,Black,5.786377952755905,February,Pop,2.0,nan,Low,Research/Scientist,False
17,Male,High School,Science,0.8,None,None,Corporate Job,2.0,None,Average,5,Passion,Blue,5.786377952755905,October,Classical,2.0,Corporate Employee,Low,Entrepreneur,False
17,Male,High School,Commerce,35.587009698275864,None,None,Corporate Job,2.0,None,Average,5,Money,Black,5.786377952755905,September,Classical,1.0,Government Officer,Low,Entrepreneur,False
17,Male,High School,Commerce,35.587009698275864,None,None,Freelance,2.0,None,Average,4,Passion,Orange,5.786377952755905,November,Pop,1.0,Freelancer,Low,Freelancer,True
18,Female,High School,Science,0.64,Culturals,None,Research,2.0,None,Average,5,Freedom,Blue,5.786377952755905,October,Rock,1.0,Government Officer,Low,Research/Scientist,False
16,Female,High School,Science,68.0,Sports,Full time,Corporate Job,2.0,Student Council Member,Average,10,Freedom,White,5.786377952755905,January,Classical,3.0,Entrepreneur,Low,Entrepreneur,True
17,Female,Under Graduate,Science,0.9733,Culturals,None,Corporate Job,2.0,Student Council Member,Average,5,Passion,Pink,5.786377952755905,March,Classical,1.0,nan,Low,Corporate Employee,False
17,Female,Post Graduate,Commerce,0.66,Culturals,Full time,Research,2.0,None,Average,5,Passion,Black,5.786377952755905,August,Classical,2.0,Government Officer,High,Freelancer,False
17,Female,High School,Commerce,0.93,Culturals,None,Corporate Job,2.0,None,Average,5,Work-life Balance,Pink,3.0,September,Classical,1.0,Corporate Employee,Low,Entrepreneur,False
17,Male,Post Graduate,Commerce,70.0,None,None,Research,2.0,None,Average,3,Money,Blue,5.786377952755905,February,Rap,1.0,Government Officer,Low,Research/Scientist,False
16,Female,High School,Science,91.2,None,None,Corporate Job,2.0,None,Average,7,Work-life Balance,Red,5.786377952755905,June,Pop,1.0,Government Officer,Low,Corporate Employee,False
17,Male,Under Graduate,Commerce,0.8,Sports,None,Freelance,2.0,Student Council Member,Attended Buisness meets,6,Passion,Black,5.786377952755905,October,Pop,0.0,Entrepreneur,Low,Freelancer,False
17,Female,High School,Arts,0.66,None,None,Corporate Job,2.0,None,Average,1,Money,Red,5.786377952755905,March,Rap,1.0,Government Officer,Low,Entrepreneur,False
17,Male,High School,Commerce,79.35,Sports,None,Freelance,2.0,Student Council Member,Attended Conferences,2,Money,Pink,5.786377952755905,April,Rap,1.0,Entrepreneur,Low,Entrepreneur,True
17,Female,Under Graduate,Science,87.16,Sports,None,Corporate Job,2.0,None,Average,3,Money,Black,1.0,March,Rap,0.0,nan,Low,Corporate Employee,False
17,Male,Post Graduate,Commerce,55.0,None,None,Corporate Job,2.0,Event Management,Attended Conferences,6,Passion,Green,3.0,February,Rock,1.0,Government Officer,Low,Corporate Employee,False
16,Male,High School,Commerce,90.0,None,None,Research,2.0,Event Management,Attended Conferences,1,Money,Blue,3.5,October,Classical,1.0,Government Officer,Low,Research/Scientist,False
16,Male,High School,Commerce,0.65,Culturals,Part Time,Freelance,2.0,Event Management,Average,5,Social Impact,Red,5.786377952755905,March,Classical,1.0,Government Officer,Low,Entrepreneur,False
18,Female,Under Graduate,Science,0.8,Sports,None,Startup,2.0,None,Average,1,Money,Red,3.0,March,Classical,1.0,Government Officer,Low,Entrepreneur,False
17,Female,High School,Science,89.5,Sports,None,Research,2.0,None,Average,1,Passion,Orange,5.786377952755905,July,Classical,1.0,Government Officer,Low,Research/Scientist,False
16,Female,High School,Science,91.83,None,None,Research,2.0,None,Average,5,Passion,Blue,5.786377952755905,October,Classical,1.0,nan,Low,Research/Scientist,False
16,Male,Under Graduate,Commerce,35.587009698275864,None,None,Startup,2.0,None,Average,2,Money,Blue,5.786377952755905,July,Rap,1.0,Entrepreneur,Low,Entrepreneur,True
17,Male,High School,Science,0.7966,Culturals,Part Time,Corporate Job,2.0,Event Management,Attended Corporate events,8,Passion,Blue,5.786377952755905,April,Classical,1.0,Government Officer,Low,Corporate Employee,False
16,Male,Under Graduate,Commerce,80.0,Sports,None,Freelance,2.0,None,Average,3,Money,Black,5.786377952755905,December,Classical,1.0,Government Officer,Low,Freelancer,False
18,Male,Under Graduate,Commerce,80.0,None,None,Research,2.0,Event Management,Attended Buisness meets,10,Work-life Balance,Black,3.0,September,Classical,1.0,Entrepreneur,Low,Research/Scientist,False
17,Female,Under Graduate,Commerce,65.0,Culturals,None,Freelance,2.0,None,Average,9,Passion,Black,1.0,January,Pop,1.0,Entrepreneur,Low,Freelancer,False
19,Male,Under Graduate,Science,80.0,None,None,Research,2.0,None,Average,8,Passion,Green,0.5,January,Pop,2.0,Research/Scientist,Low,Research/Scientist,True
18,Female,Under Graduate,Science,7.0,None,None,Corporate Job,2.0,None,Average,4,Freedom,Purple,5.786377952755905,March,Classical,1.0,Government Officer,Low,Corporate Employee,False
19,Male,Under Graduate,Science,69.0,None,None,Freelance,2.0,None,Average,3,Money,Black,1.0,August,Classical,1.0,nan,Low,Freelancer,False
18,Female,Under Graduate,Science,84.66,Culturals,None,Freelance,2.0,None,Average,7,Passion,Black,5.786377952755905,November,Classical,1.0,Government Officer,Low,Freelancer,False
17,Male,Under Graduate,Science,7.0,Sports,None,Freelance,2.0,None,Average,10,Freedom,Black,9.0,September,Rap,0.0,Government Officer,High,Freelancer,False
18,Male,Under Graduate,Science,70.0,Sports,None,Freelance,2.0,Event Management,Average,1,Money,Blue,5.0,May,Classical,0.0,Research/Scientist,Low,Freelancer,False
19,Male,Under Graduate,Commerce,80.0,Sports,Part Time,Corporate Job,2.0,None,Attended Buisness meets,8,Work-life Balance,Red,6.0,December,Rock,1.0,Entrepreneur,Low,Entrepreneur,True
18,Female,Under Graduate,Science,0.75,Culturals,Full time,Startup,2.0,Student Council Member,Attended Corporate events,9,Money,Purple,5.786377952755905,October,Rock,1.0,Government Officer,Low,Entrepreneur,False
18,Female,Under Graduate,Science,80.0,Sports,None,Freelance,2.0,None,Average,7,Freedom,Blue,5.786377952755905,July,Pop,1.0,nan,Low,Freelancer,False
19,Female,Under Graduate,Science,0.803,Culturals,None,Freelance,2.0,None,Average,4,Passion,Black,3.0,April,Pop,1.0,Freelancer,Low,Freelancer,True
20,Male,Under Graduate,Science,80.0,Sports,None,Startup,2.0,None,Average,7,Money,Red,5.786377952755905,January,Pop,1.0,Entrepreneur,Low,Entrepreneur,True
19,Male,Under Graduate,Commerce,83.5,Sports,None,Freelance,2.0,None,Average,4,Money,Black,5.0,January,Classical,0.0,Freelancer,Low,Freelancer,True
18,Male,Under Graduate,Science,90.0,None,None,Freelance,2.0,None,Average,10,Freedom,Blue,4.0,March,Classical,1.0,Government Officer,Low,Freelancer,False
19,Female,Under Graduate,Science,90.0,Sports,None,Research,2.0,Event Management,Attended Corporate events,2,Passion,Black,2.0,October,Classical,2.0,Government Officer,Low,Research/Scientist,False
19,Female,Under Graduate,Commerce,90.0,Sports,None,Research,2.0,Event Management,Attended Corporate events,2,Freedom,Black,5.786377952755905,February,Classical,1.0,Government Officer,Low,Research/Scientist,False
20,Female,Under Graduate,Science,0.89,Debate,None,Startup,2.0,Student Council Member,Average,9,Money,Pink,5.786377952755905,August,Classical,1.0,Research/Scientist,Low,Entrepreneur,False
18,Female,Under Graduate,Science,77.0,Sports,Full time,Startup,2.0,Student Council Member,Attended Corporate events,1,Work-life Balance,White,4.0,August,Classical,1.0,Government Officer,High,Entrepreneur,False
18,Female,Under Graduate,Science,35.587009698275864,Culturals,None,Corporate Job,2.0,None,Average,8,Freedom,Pink,2.0,May,Rock,2.0,Government Officer,Low,Entrepreneur,False
18,Male,Under Graduate,Commerce,75.0,Sports,Internship,Corporate Job,2.0,Student Council Member,Attended Corporate events,2,Money,Red,4.0,July,Rock,2.0,Government Officer,Low,Entrepreneur,False
18,Male,High School,Science,100.0,Sports,None,Research,2.0,None,Attended Conferences,10,Money,Red,7.0,December,Rap,10.0,Research/Scientist,Low,Research/Scientist,True
18,Female,Under Graduate,Science,72.0,Culturals,None,Startup,2.0,None,Average,1,Passion,Blue,5.786377952755905,August,Pop,1.0,nan,Low,Entrepreneur,False
19,Female,Under Graduate,Science,82.3,Culturals,Part Time,Startup,2.0,None,Average,6,Passion,White,5.786377952755905,April,Rock,1.0,Entrepreneur,Low,Entrepreneur,True
19,Female,Under Graduate,Science,80.0,Sports,None,Corporate Job,2.0,None,Average,5,Passion,Red,2.0,September,Classical,0.0,Government Officer,Low,Corporate Employee,False
20,Male,Under Graduate,Commerce,6.7,Sports,Part Time,Startup,2.0,Event Management,Attended Corporate events,7,Freedom,Purple,5.786377952755905,April,Pop,1.0,Entrepreneur,Low,Entrepreneur,True
19,Female,High School,Science,92.8,Culturals,None,Corporate Job,2.0,Student Council Member,Average,1,Freedom,Blue,4.0,April,Classical,2.0,Government Officer,Low,Government Officer,True
19,Male,Post Graduate,Science,85.0,Sports,None,Startup,2.0,None,Attended Buisness meets,8,Money,Blue,3.0,October,Classical,2.0,Entrepreneur,High,Freelancer,False
19,Female,Under Graduate,Science,8.9,Debate,None,Corporate Job,2.0,Student Council Member,Average,10,Passion,Black,5.786377952755905,July,Classical,2.0,Government Officer,Low,Corporate Employee,False
18,Female,Under Graduate,Science,35.587009698275864,Culturals,None,Corporate Job,2.0,None,Average,2,Freedom,Black,2.0,July,Classical,1.0,Corporate Employee,High,Corporate Employee,True
19,Female,Post Graduate,Science,0.82,Sports,None,Corporate Job,2.0,Event Management,Average,5,Freedom,Black,5.786377952755905,July,Classical,0.0,Corporate Employee,Low,Corporate Employee,True
20,Male,Under Graduate,Science,7.5,None,None,Research,2.0,None,Average,7,Social Impact,White,5.786377952755905,March,Classical,3.0,Research/Scientist,Low,Research/Scientist,True
21,Female,Under Graduate,Science,8.98,Culturals,None,Research,2.0,Student Council Member,Average,5,Money,Black,5.786377952755905,November,Pop,1.0,Research/Scientist,Low,Research/Scientist,True
19,Female,Under Graduate,Science,69.0,None,None,Corporate Job,2.0,None,Average,10,Money,Black,5.786377952755905,December,Classical,1.0,nan,Low,Corporate Employee,False
18,Female,Under Graduate,Science,63.0,Sports,None,Corporate Job,2.0,None,Average,8,Money,Blue,5.786377952755905,August,Classical,1.0,nan,Low,Corporate Employee,False
19,Female,Under Graduate,Science,9.03,Debate,None,Research,2.0,None,Average,5,Money,Black,5.786377952755905,May,Classical,0.0,Research/Scientist,Low,Research/Scientist,True
19,Male,Under Graduate,Science,7.0,Culturals,None,Research,2.0,None,Average,10,Money,White,5.786377952755905,September,Classical,1.0,Entrepreneur,Low,Research/Scientist,False
19,Female,Under Graduate,Science,7.9,None,None,Research,2.0,Student Council Member,Average,6,Money,Red,5.786377952755905,June,Classical,1.0,Research/Scientist,Low,Research/Scientist,True
19,Male,Under Graduate,Science,5.0,None,None,Startup,2.0,None,Average,7,Money,Orange,3.0,September,Rock,1.0,Entrepreneur,Low,Freelancer,False
19,Female,Under Graduate,Science,0.87,None,None,Corporate Job,2.0,None,Average,5,Passion,Green,5.786377952755905,October,Classical,1.0,Corporate Employee,Low,Entrepreneur,False
19,Female,Under Graduate,Science,35.587009698275864,None,None,Research,2.0,Student Council Member,Attended Conferences,8,Passion,Black,5.786377952755905,February,Classical,1.0,Research/Scientist,Low,Research/Scientist,True
19,Female,Under Graduate,Science,7.5,Culturals,None,Research,2.0,Student Council Member,Attended Conferences,6,Money,Blue,4.0,July,Classical,1.0,Research/Scientist,Low,Research/Scientist,True
19,Female,Under Graduate,Science,9.18,Sports,None,Research,2.0,Student Council Member,Attended Conferences,6,Money,Blue,5.786377952755905,June,Classical,1.0,Research/Scientist,Low,Research/Scientist,True
20,Male,Under Graduate,Science,9.0,Sports,Part Time,Freelance,2.0,Student Council Member,Attended Conferences,5,Passion,Pink,4.0,October,Rock,1.0,Entrepreneur,Low,Entrepreneur,True
18,Female,Under Graduate,Commerce,70.0,None,None,Startup,2.0,None,Average,5,Passion,Purple,3.0,July,Pop,0.0,Government Officer,Low,Entrepreneur,False
19,Female,Under Graduate,Science,9.7,None,None,Corporate Job,2.0,Student Council Member,Average,2,Social Impact,Black,3.0,November,Classical,1.0,Government Officer,Low,Government Officer,True
19,Male,Under Graduate,Science,8.26,Sports,Part Time,Startup,2.0,None,Attended Buisness meets,7,Social Impact,Green,4.0,May,Rock,0.0,Entrepreneur,Low,Entrepreneur,True
18,Male,Under Graduate,Commerce,0.83,None,None,Startup,2.0,None,Average,10,Money,Orange,3.0,February,Rap,1.0,nan,High,Entrepreneur,False
21,Female,Under Graduate,Science,8.3,Sports,Internship,Startup,2.0,None,Attended Conferences,6,Social Impact,Blue,3.0,November,Rock,0.0,Entrepreneur,Low,Corporate Employee,False
20,Female,Under Graduate,Science,35.587009698275864,Sports,None,Freelance,2.0,None,Attended Conferences,7,Work-life Balance,Pink,5.786377952755905,November,Pop,0.0,Entrepreneur,Low,Freelancer,False
18,Male,Under Graduate,Science,0.49,Sports,None,Freelance,2.0,None,Average,2,Passion,Blue,4.0,December,Pop,1.0,Freelancer,Low,Freelancer,True
18,Male,Under Graduate,Commerce,0.66,Sports,None,Freelance,2.0,Student Council Member,Average,7,Social Impact,White,5.786377952755905,February,Classical,1.0,Government Officer,Low,Freelancer,False
17,Female,High School,Science,0.89,None,None,Freelance,2.0,None,Average,4,Freedom,Black,5.0,November,Classical,1.0,Research/Scientist,High,Freelancer,False
16,Male,High School,Commerce,0.87,None,None,Corporate Job,2.0,None,Average,6,Passion,Yellow,5.786377952755905,October,Rock,1.0,Entrepreneur,Low,Entrepreneur,True
17,Female,High School,Science,0.72,Culturals,Part Time,Freelance,2.0,Event Management,Attended Corporate events,2,Work-life Balance,White,5.786377952755905,September,Classical,4.0,Government Officer,Low,Freelancer,False
17,Female,Under Graduate,Commerce,0.9,Culturals,None,Freelance,2.0,None,Average,6,Work-life Balance,Blue,5.786377952755905,August,Rock,2.0,Corporate Employee,Low,Freelancer,False
16 (2008),Female,High School,Commerce,0.7,Culturals,None,Freelance,2.0,Student Council Member,Average,6,Passion,Blue,5.786377952755905,November,Pop,2.0,Government Officer,Low,Freelancer,False
17,Female,High School,Science,87.0,Culturals,None,Research,2.0,Event Management,Average,8,Social Impact,Black,5.786377952755905,June,Classical,1.0,Research/Scientist,Low,Research/Scientist,True
